"ASV_ID","Kingdom","Phylum","Class","Order","Family","Genus","Species","Sequence"
"ASV_1537","Viridiplantae","Chlorophyta","Chlorophyceae","Chlamydomonadales","Chlamydomonadaceae","Desmotetra","Desmotetra sp. ACSSI 124","TCTTGGCTCTCGCAACGATGAAGAACGCAGCGAAATGCGATACGTAGTGTGAATTGCAGAAAACCGTGAACCATCGAATCTTTGAACGCATATTGCGCTCGAGGCTTCGGCCAAGAGCATGTCTGCCTCAGCGTCGGGTTAACATCACTCCCAACAATCCATATGGCTTGTTGTAAGTGGATCTGGCTTTCCCAGATAGCAATCTCGGTTGTTGTCTGGGTCTGCTGAAGAACAGAGGTTGATGCATAGACCCGTTTACGGGCCGCAGTTGGGTAGGCAGCTTCTTGCTTGCTATCAATATCTTACTGTTGGCTTGGGTAGATGCGCGCAACCCTCAAACCAGGAACTGTGCATGCTCCTCACCGAGCATGTGCTTCTTTTGTTCTCGACCTGAGCTCAGGCAAGATTACCCGCTGAACTTAAGCATATCAA"
"ASV_146","Viridiplantae","Chlorophyta","Chlorophyceae","Chlamydomonadales","Chlamydomonadaceae","Heterochlamydomonas","Heterochlamydomonas sp. SG003-14","TCTTGGCTCTCGCAACGATGAAGAACGCAGCGAAATGCGATACGTAGTGTGAATTGCAGAAATACGTGAACCATCGAATCTTTGAACGCATATTGCGCTCGAGGCTTCGGCCAAGAGCATGTCTGCCTCAGCGTCGGGTTAATCCTCGCCCAACCAATCCTTGGATTGAACGGGCGGATCTGGCTTTCCCAGGCCTAGTGTCTGGGTTCGCTGAAGCACAGAGGTTGATGCATGGACCCGATAAGGGCCGCAACTGGGTAGGCAACTTGTTGCTAATGCTTTAGTTGTTGGCTTGGGACTGTGCTTGTCGACCCGAAATCAGGAAGGGCTTCGGCCCTATTAACCTTTATCTCGACCTGAGCTCAGGCAAGAACACCCGCTGAACTTAAGCATATCAA"
"ASV_263","Viridiplantae","Chlorophyta","Chlorophyceae","Sphaeropleales","Dictyochloridaceae","Dictyochloris","Dictyochloris fragrans","TCTTGGCTCTCGCAACGATGAAGAACGCAGCGAAATGCGATACGTAGTGTGAATTGCAGAATTCCGTGAACCATCAAATCTTTGAACGCATATTGCGCTCGAGGCTTCGGCCAAGAGCATGTCTGCCTCAGCGTCGATTGACCCCCTCGCCTCCATTGTGTGTGACAGGAACCTCAACAGACGTTGATGGAGCATCGCCCTCTCGGTTATTCCCAACTCGGGTTAAACGTGGAGCTCGATACCTTCTCTCTCAACCACTAACTTTGTTGACCCTGTTGAATCCTGAAACGCACGGAGACGGATCTGATCGTCCCAGGCTTCATGTCTGGGTCGGTTGAAGCACAGAGGCTTGAGCTGGGACCCGTTATGGGCAATGGCTGGATAGGTAGTATCGGCTTCGGCTGTCTACACGAAGCTGTTGCTTGGAGCCCAGCTGGGAGCCCACAAGCAGGAAAACCAAAATTCCGACCTGAGCTCAGGCAAGATTACCCGCTGAACTTAAGCATATCAA"
"ASV_2954","Viridiplantae","Chlorophyta","Chlorophyceae","Sphaeropleales","Radiococcaceae","Gloeocystis","Gloeocystis sp. PA-1-4","TCTTGGCTCCCGCATCGATGAAGAACGCAGCGAAATGCGATACGTAGTGTGAATTGCAGAATTCCGTGAATCATCGAATCTTTGAACGCATATTGCGCTCGAGACTCCGGTCAAGAGCATGTCTGGCTCAGCGTCGTTTCACCCACTCGCCACCTTTTCCCTCTTTTCGAAGGGCGGTCTAGGAGGGCGGATCTGGCTTTCCCTGTGACTCTCACGACGAACGGGGTCGGCTGAAGAACAGAGGCTTGAGCATGGCGCCGCACAATGGCAGCCGGCTTGGTAGGTGGCTCACGCTACATGCCGTCGGAGGCCGCAGCGCCGTGCTGTTACGGCCCGCAGGAACCGACCCACCGCGGTCGGACACTAAACCATCGACCTGAGCTCAGGCAAGACTACCCGCTGAACTTAAGCATATCAA"
"ASV_352","Viridiplantae","Chlorophyta","Chlorophyceae","Sphaeropleales","Radiococcaceae","Gloeocystis","Gloeocystis sp. PA-1-4","TCTTGGCTCCCGCATCGATGAAGAACGCAGCGAAATGCGATACGTAGTGTGAATTGCAGAATTCCGTGAATCATCGAATCTTTGAACGCATATTGCGCTCGAGACCTCGGTCAAGAGCATGTCTGGCTCAGCGTCGTTTCACCCACTCGCCACCTTTTCCCTCTTCTCGAAGAGCGGACTAGGAAGGCGGACCTGGCTTTCCCCGTGACTCTCGCGACGAACGGGGTCGGCTGAAGAACAGAGGCTTGAGCATGGCGCCGCACAATGGCAGCCGGCTTGGTAGGTGGCTCACGCTACATGCCGCCGGAGGTCGCAGCGCCATGTTGTAAGGCCCGCAGGAACCGACCTCTCGAGGTCGGACACTTAACCATCGACCTGAGCTCAGGCAAGACTACCCGCTGAACTTAAGCATATCAA"
"ASV_3816","Viridiplantae","Chlorophyta","Chlorophyceae","Sphaeropleales","Radiococcaceae","Gloeocystis","Gloeocystis sp. PA-1-4","TCTTGGCTCCCGCATCGATGAAGAACGCAGCGAAATGCGATACGTAGTGTGAATTGCAGAATTCCGTGAATCATCGAATCTTTGAACGCATATTGCGCTCGAGACCTCGGTCAAGAGCATGTCTGGCTCAGCGTCGTTTCACCCACTCGCCACCTTTTCCCTCTTTTCGAAGAGCGGTCCAGGAAGGCGGACCTGGCTTTCCCCGTGACTCTTAGGACGAACGGGGTCGGCTGAAGAACAGAGGCTTGAGCATGGCGCCGCACAATGGCAGCCGGCTTGGTAGGTGGCTCACGCTACATGCCGCCGGAGGCCGCAGCGCCATGTTGTAAGGCCCGCAGGAACCGACCCTACAAGGTCGGACACTCATCCATCGACCTGAGCTCAGGCAAGACTACCCGCTGAACTTAAGCATATCAA"
"ASV_3","Viridiplantae","Chlorophyta","Trebouxiophyceae","Chlorellales","Chlorellaceae","Apatococcus","Apatococcus lobatus","TCTTGGCTCCCGTAACGATGAAGAACGCAGCGAAGTGCGATAAGTAGTGTGAATTGCAGATTTCCGTGAACCATCGAGTTTTTGAACGCAAATTGCGCTCGAGGCCTCCGGGTCGAGAGCATGTCTGCCTCAGCGTCGCTCATACCCAATCGGCTCCACCTCTTTTGAAATATAAAGCTAGGCGGGCCGGATGTGGCCGTCCGGTTTTATTAGCCGGTTGGCTGAAAGATTCGTTCCGCTCGCAGCCTCCCTTAAATGGGAAGGAGCCAGCCGGTAAGCATGACCTTGTCTAACTGGAGAAGGTCTGGCCTGCCGTTGAGCTCTGGTTGTGGGTTTCATAGGAACTTGACAGGAACTGACATTTGAAAATCGACCTGAGATCAGGCAAGGACACCCGCTGAACTTAAGCATATCAA"
"ASV_11","Viridiplantae","Chlorophyta","Trebouxiophyceae","Chlorellales","Chlorellaceae","Apatococcus","Apatococcus sp. S2MWC-02","TCTTGGCTCCCGTAACGATGAAGAACGCAGCGAAGTGCGATAAGTAGTGTGAATTGCAGATTTCCGTGAACCATCGAGTTTTTGAACGCAAATTGCGCTCGAGGCCTCCGGGTCGAGAGCATGTCTGCCTCAGCGTCGCTCATACCAATCGACCCTTCACCTTTTGAAACATAATTGTGATTGGGTCGGAAATGGCCGTCCGGTTGAATCAGCCGGTCGGCTGAAAGGACTGCTCCGCTCGCAGCCTCCCTTGAATGGGAAGGAGCCAGCCGGTAAGCATGACTTTCTCCGGTTGGAGAAGGCCTGGCCTGCCGTTGAGCTTTGGTTGTGGGTTTAAAGGAGCCACAGGAATCACCTTTTGAACATCGACCTGAGATCAGACAAGGACACCCGCTGAACTTAAGCATATCAA"
"ASV_2177","Viridiplantae","Chlorophyta","Trebouxiophyceae","Chlorellales","Chlorellaceae","Pseudochlorella","Pseudochlorella pringsheimii","TCTTGGCTCCCGCATCGATGAAGAACGCAGCGAAATGCGATACGTAGTGTGAATTGCAGAATTCCGTGAATCATCGAATCTTTGAACGCATATTGCGCTCGAGACCTCGGTCAAGAGCATGTCTGGCTCAGCGTCGTTTCACCCACTCGCCACCTTTTCCCTCTTCTCTCGAAGAAGGGCGGTCTAGAAAGGCGGACCTGGCTTTCCCCGTGACTCTTGGGACGAACGGGGTCGGCTGAAGAACAGAGGCTTGAGCATGGCGCCGCACGATGGCAGCCGGCTTGGTAGGTGGCTCACGCTACATGCCGCCGGAGGCCGCAGCGCCATGTTGTAAGGCCCGCAGGAACCGGCCCTCGCGGTCGGACACTCAACCATCGACCTGAGCTCAGGCAAGACTACCCGCTGAACTTAAGCATATCAA"
"ASV_237","Viridiplantae","Chlorophyta","Trebouxiophyceae","Chlorellales","Chlorellaceae","Pseudochlorella","Pseudochlorella pyrenoidosa","TCTTGGCTCCCGCATCGATGAAGAACGCAGCGAAATGCGATACGTAGTGTGAATTGCAGAATTCCGTGAATCATCGAATCTTTGAACGCATATTGCGCTCGAGACCTCGGTCAAGAGCATGTCTGGCTCAGCGTCGGCTCACCCCCTCGCCACCCTCTCCCCTGTGGAGATGGGCAGGCGGATCTGGCCGTGTCTGTACTCCTTGAGAGAACAGGCTCGGCTGAAGAACAGAGGCTTGAGCATGGTCCCGCTGATAGGGCGCCAGCTTGGTAGGTAGCTTACGCTGCATGCCGCTGACTCCCCTAGGGACCTGTGCTGTAAAGCCGGCAGGAATCGGAGCGCAAGCTCCGAACTCTTACTTTCGACCTGAGCTCAGGCAAGACTACCCGCTGAACTTAAGCATATCAA"
"ASV_3174","Viridiplantae","Chlorophyta","Trebouxiophyceae","Chlorellales","Chlorellaceae","Pseudochlorella","Pseudochlorella pyrenoidosa","TCTAGGCTCCCGCATCGATGAAGAACGCAGCGAAATGCGATACGTAGTGTGAATTGCAGAATTCCGTGAATCATCGAATCTTTGAACGCATATTGCGCTCGAGACCTCGGTCAAGAGCATGTCTGGCTCAGCGTCGGCTCACCCCCTCGCCACCCTCTCCCCTGTGGAGATGGGCAGGCGGATCTGGCCGTGTCTGTACTCCTTGAGAGAACAGGCTCGGCTGAAGAACAGAGGCTTGAGCATGGTCCCGCTGATAGGGCGCCAGCTTGGTAGGTAGCTTACGCTGCATGCCGCTGACTCCCCTAGGGACCTGTGCTGTAAAGCCGGCAGGAATCGGAGCGCAAGCTCCGAACTCTTACTTTCGACCTGAGCTCAGGCAAGACTACCCGCTGAACTTAAGCATATCAA"
"ASV_346","Viridiplantae","Chlorophyta","Trebouxiophyceae","Chlorellales","Chlorellaceae","Pseudochlorella","Pseudochlorella pyrenoidosa","TCTTGGCTCCCGCATCGATGAAGAACGCAGCGAAATGCGATACGTAGTGTGAATTGCAGAATTCCGTGAATCATCGAATCTTTGAACGCATATTGCGCTCGAGACCTCGGTCAAGAGCATGTCTGGCTCAGCGTCGGCTCACCCCCTCGCCACCCTCTCCCCTGTGGAGATGGGCAGGCGGATCTGGCCGTGTCTGTACTCCTTGAGAGAACAGGCTCGGCTGAAGAACAGAGGCTTGAGCATGGTCCCGCTGATAGGGCGCCAGCTTGGTAGGTAGCTTACGCTGCATGCCGCTGACTCCCCTAGGGACCTGTGCTGTAAAGCCGGCAGGAATTGGAGCGCAAGCTCCGAACTCTTACTTTCGACCTGAGCTCAGGCAAGACTACCCGCTGAACTTAAGCATATCAA"
"ASV_591","Viridiplantae","Chlorophyta","Trebouxiophyceae","Chlorellales","Chlorellaceae","Pseudochlorella","Pseudochlorella pyrenoidosa","TCTTGGCTCCCGCATCGATGAAGAACGCAGCGAAATGCGATACGTAGTGTGAATTGCAGAATTCCGTGAATCATCGAATCTTTGAACGCATATTGCGCTCGAGACCTCGGTCAAGAGCATGTCTGGCTCAGCGTCGGCTCACCCCCTCGCCACCCTCTCCCCTGTGGAGATGGGCAGGCGGATCTGGCCGTGTCTGTACTCCGTGAGAGAACAGGCTCGGCTGAAGAACAGAGGCTTGAGCATGGTCCCGCTGATAGGGCGCCAGCTTGGTAGGTAGCTTACGCTGCATGCCGCTGACTCCCCTAGGGACCTGTGCTGTAAAGCCGGCAGGAATCGGAGCGCAAGCTCCGAACTCTTACTTTCGACCTGAGCTCAGGCAAGACTACCCGCTGAACTTAAGCATATCAA"
"ASV_1176","Viridiplantae","Chlorophyta","Trebouxiophyceae","Prasiolales","Prasiolaceae","Prasiola","Prasiola sp. IGB-2016","TCTTGGCTCCCGCATCGATGAAGAACGCAGCGAAATGCGATACGTAGTGTGAATTGCAGAATTCCGGGAATCATCGAATCTTTGAACGCATATTGCACTCGAGCCACGGCGAGAGTATGTCTGCCTCAGCGTCAGTTTCACCCCCTCGTTCTCACCTTCCCTCACGGGAAAGAGAGCGGACGTGGCCGTGACTCTTCATTCTCATTTGAGAGAGAAGAACCTCGGCTGAAGTCCAGGGCTTTCACAAGTAGTGCCAGTATGGTAGGTGGCCAAATACCACACGGATTACTGGCGCGAAAGGGCCTCTTTCGAAAGAGGGAGGCCATGGAGCCAACCACAGCTTGTGGGGGGAGCTTTCACGAGCACCACCCACAAACCAACGACTTGACCTGAGATCAGACAAGACCACCCGCTGAACTTAAGCATATCAA"
"ASV_1200","Viridiplantae","Chlorophyta","Trebouxiophyceae","Prasiolales","Prasiolaceae","Prasiola","Prasiola sp. IGB-2016","TCTTGGCTCCCGCATCGATGAAGAACGCAGCGAAATGCGATACGTAGTGTGAATTGCAGAATTCCGGGAATCATCGAATCTTTGAACGCATATTGCACTCGAGCCACGGCGAGAGTATGTCTGCCTCAGCGTCAGTTTCACCCCCTCGTTCTCACCTTCCCTCACGGGAAAGAGAGCGGACGTGGCCGTGACTCTTCTTTCTCGTTTGAGAAAGAGGAACCTCGGCTGAAGCCCAGGGCTTTCACAAGTAGTGCCAGTATGGTAGGTGGCCAAATACCACACGGATTACTGGCGCGAAAGGGTCTCTCCTCGAAAGAGGGAGACCATGGAGCCAATCACAGCTTGTGGGGGGAGCTTTAACGAGCACCACCCACAAACCAACGACTTGACCTGAGATCAGACAAGACCACCCGCTGAACTTAAGCATATCAA"
"ASV_12449","Viridiplantae","Chlorophyta","Trebouxiophyceae","Prasiolales","Prasiolaceae","Prasiola","Prasiola sp. IGB-2016","TCTTGGCTCCCGCATCGATGAAGAACGCAGCGAAATGCGATACGTAGTGTGAATTGCAGAATTCCGTGAATCATCGAATCTTTGAACGCATATTGCGCTCGAGACCTCGGTCGAGAGCATGCCTGTCTCAGCGTCGGCACACCCCCTCGCCCGACCCCCCACCGCGCCCACGGGCTGCGTTGGCGGGGGCACGCGGCGGACGTGGCCGTCTCGCTCCTCCCCGGTACCCCCGGGGAAGGCCGGGTCGGCTGAAGTGAAGGGCACATGGCGAGACTCCTCGGCTCACCCCGGGGCGCCAGCATGGTAGGTGGCCACCGCGCCGCATGCCGCTGTCGCACCCGACGAGCGCCAAACGAGGCTGTCTCGCTGCCACACAGCAGGAACGCCGCTCCGCGGGCTGGGCCTCACCGCCCCGCTCCGCGCCCCGGCGCACTCACCTTTTGACCTGAGATCAGACAAGACCACCCGCTGAACTTAAGCATATCAA"
"ASV_154","Viridiplantae","Chlorophyta","Trebouxiophyceae","Prasiolales","Prasiolaceae","Prasiola","Prasiola sp. IGB-2016","TCTTGGCTCCCGCATCGATGAAGAACGCAGCGAAATGCGATACGTAGTGTGAATTGCAGAATTCCGGGAATCATCGAATCTTTGAACGCATATTGCACTCGAGCCACGGCGAGAGTATGTCTGCCTCAGCGTCAGTTTCACTCCCTCGTTCTCACCTTCCCTCACGGGAAAGAGAGCGGACGTGGCCGTGACTCTTCATTCTCATTTGAGAGAGAAGAACCTCGGCTGAAGTCCAGGGCTTTCACAAGTAGTGCCAGTATGGTAGGTGGCCAAATACCACACGGATTACTGGCGCGAAAGGGCCTCTTTCGAAAGAGGGAGGCCATGGAGCCAACCACAGCTTGTGGGGGGAGCTTTCACGAGCACCACCCACAAACCAACGACTTGACCTGAGATCAGACAAGACCACCCGCTGAACTTAAGCATATCAA"
"ASV_132","Viridiplantae","Chlorophyta","Trebouxiophyceae","Prasiolales","Stichococcaceae","Desmococcus","Desmococcus olivaceus","TCTTGGCTCCCGCATCGATGAAGAACGCAGCGAAATGCGATACGTAGTGTGAATTGCAGAATTCCGTGAATCATCGAATCTTTGAACGCATATTGCACTCAAGGCTTCGGCCGAGAGTATGCCTGTCTCAGCGTCAGCTCACCCCTCGCCCCTCCCCGACCCACCCCGCAAGGGGCCTGGGCCGGGGCCTGGGACGGATGTGGCCGTCTCGGCTGCTTGAAACACAGCGCCGGGTCGGCTGAAGCACAGGGCTTGCTGCCGGTCACCCCCTCTCCCAGCACGGGGCGCCAGCTTGGTAGGTGGCTTCGTAAGCTGCATGCCGCTGTCGCACCGACCGCCTGGCGAGCGAAAGAGGCCGGTCCCAGCGCGGCCAAGCAGGAAACCTGCGGGCGTGCGGCTCGAGAGAGCCCGCCCCGCACACACCCTTTTGACCTGAGATCAGACAAGACCACCCGCTGAACTTAAGCATATCAA"
"ASV_2","Viridiplantae","Chlorophyta","Trebouxiophyceae","Prasiolales","Stichococcaceae","Desmococcus","Desmococcus olivaceus","TCTTGGCTCCCGCATCGATGAAGAACGCAGCGAAATGCGATACGTAGTGTGAATTGCAGAATTCCGTGAATCATCGAATCTTTGAACGCATATTGCACTCAAGGCTTCGGCCGAGAGTATGCCTGTCTCAGCGTCAGCTCACCCCTCGCCCCTCCCCGACCCACCCCGCAAGGGGCCTGGGCCGGGGCCTGGGACGGATGTGGCCGTCTCGGCTGCTTGAAACACAGCGCCGGGTCGGCTGAAGCACAGGGCTTGCTGCCGGTCACCCCCTCTCCCAGCACGGGGCGCCAGCTTGGTAGGTGGCTTTGTAAGCTGCATGCCGCTGTCGCGCCGACCGCATGGCGAGCGAAAGAGGCCGGTCCCAGCGCGGCCAAGCAGGAAACCTGCGGGCGTGCGGCTCGAGAGAGCCCGCCCCGCACACACCCTTTTGACCTGAGATCAGACAAGACCACCCGCTGAACTTAAGCATATCAA"
"ASV_269","Viridiplantae","Chlorophyta","Trebouxiophyceae","Prasiolales","Stichococcaceae","Desmococcus","Desmococcus olivaceus","TCTTGGCTCCCGCATCGATGAAGAACGCAGCGAAATGCGATACGTAGTGTGAATTGCAGAATTCCGTGAATCATCGAATCTTTGAACGCATATTGCACTCGAGGCTTCGGCCGAGAGTATGCCTGTCTCAGCGTCAGCTCACCCCTCGCCCCTCCCCGACCCACCCCGCAAGGGGCCTGGGCCGGGGCCAGGGACGGACGTGGCCGTCTCGGCTGCTTGAAACACAGCGCCGGGTCGGCTGAAGCACAGGGCTTGCTGCCGGTCACCCCCTCTCCCAGCACGGGGCGCCAGCTTGGTAGGTGGCTTTGTAAGCTGCATGCCGCTGTCGCACCGACCGCCTGGCGAGCGAAAGAGGCCGGTCCCAGCGCGGCCAAGCAGGAAACCTGCGGGCGTGCGGCTCGAGAGAGCCCGCCCCGCACACACCCTTTTGACCTGAGATCAGACAAGACCACCCGCTGAACTTAAGCATATCAA"
"ASV_271","Viridiplantae","Chlorophyta","Trebouxiophyceae","Prasiolales","Stichococcaceae","Desmococcus","Desmococcus olivaceus","TCTTGGCTCCCGCATCGATGAAGAACGCAGCGAAATGCGATACGTAGTGTGAATTGCAGAATTCCGTGAATCATCGAATCTTTGAACGCATATTGCACTCAAGGCTTCGGCCGAGAGTATGCCTGTCTCAGCGTCAGCTCACCCCTCGCCCCTCCCCGACCCACCCCGCAAGGGGCTTGGGCCGGGGCCTGGGACGGATGTGGCCGTCTCGGCTGCTTGAAACACAGCGCCGGGTCGGCTGAAGCACAGGGCTTGCTGCCGGTCAACCCCTCTCCCAGCACGGGGCGCCAGCTTGGTAGGTGGCTTTGTAAGCTGCATGCCGCTGTCGCGCCGACCGCATGGCGAGCGAAAGAGGCCGGGCATAGCGCGGCCAAGCAGGAAACCTGCGGGCGTGCGGCTCGAGAGAGCCCGCCCCGCACACACCCTTTTGACCTGAGATCAGACAAGACCACCCGCTGAACTTAAGCATATCAA"
"ASV_7","Viridiplantae","Chlorophyta","Trebouxiophyceae","Prasiolales","Stichococcaceae","Desmococcus","Desmococcus olivaceus","TCTTGGCTCCCGCATCGATGAAGAACGCAGCGAAATGCGATACGTAGTGTGAATTGCAGAATTCCGTGAATCATCGAATCTTTGAACGCATATTGCACTCAAGGCTTCGGCCGAGAGTATGCCTGTCTCAGCGTCAGCTCACCCCTCGCCCCTCCCCGACCCACCCCGCAAGGGGCCTGGGCCGGGGCCTGGGACGGATGTGGCCGTCTCGGCTGCTTGAAACACAGCGCCGGGTCGGCTGAAGCACAGGGCTTGCTGCCGGTCAACCCCTCTCCCAGCACGGGGCGCCAGCTTGGTAGGTGGCTTTGTAAGCTGCATGCCGCTGTCGCGCCGACCGCATGGCGAGCGAAAGAGGCCGGGCATAGCGCGGCCAAGCAGGAAACCTGCGGGCGTGCGGCTCGAGAGAGCCCGCCCCGCACACACCCTTTTGACCTGAGATCAGACAAGACCACCCGCTGAACTTAAGCATATCAA"
"ASV_91","Viridiplantae","Chlorophyta","Trebouxiophyceae","Prasiolales","Stichococcaceae","Desmococcus","Desmococcus olivaceus","TCTTGGCTCCCGCATCGATGAAGAACGCAGCGAAATGCGATACGTAGTGTGAATTGCAGAATTCCGTGAATCATCGAATCTTTGAACGCATATTGCACTCGAGGCTTCGGCCGAGAGTATGCCTGTCTCAGCGTCAGCTCACCCCTCGCCCCTCCCCGACCCACCCCGCAAGGGGCCTGGGCCGGGGCCCGGGACGGACGTGGCCGTCTCGGCTGCTTGAAACACAGCGCCGGGTCGGCTGAAGCACAGGGCTTGCTGCCGGTCACCCCCTCTCCCAGCACGGGGCGCCAGCTTGGTAGGTGGCTTCGTAAGCTGCATGCCGCTGTCGCACCGACCGCCTGGCGAGCGAAAGAGGCCGGTCCCAGCGCGGCCAAGCAGGAAACCTGCGGGCGTGCGGCTCGAGAGAGCCCGCCCCGCACACACCCTTTTGACCTGAGATCAGACAAGACCACCCGCTGAACTTAAGCATATCAA"
"ASV_1134","Viridiplantae","Chlorophyta","Trebouxiophyceae","Prasiolales","Stichococcaceae","Diplosphaera","Diplosphaera chodatii","TCTTGGCTCCCGCATCGATGAAGAACGCAGCGAAATGCGATACGTAGTGTGAATTGCAGAATTCCGTGAATCATCGAATCTTTGAACGCATATTGCGCTCGAGACTTCGGTCGAGAGCATGCCTGTCTCAGCGTCGGCTCACCCCTCGCCCACCCTTTCCCCTTTACCGGAGGAGAGGTGCCTGGACGGACGTGGCCGTCTCGCTTTCCCTTTAAACCGGGAGAGCGGGTCGGCTGAAGTGCAGGGCCCGCGGCGCGACCCGGACGAGAGGGCGCCAGCATGGTAGGTGGCTTGACGCTGCATGCCGCTGTCGCCTTTCATCTCGGCCCGAATCAAGGTCGCATCCAATCGTCCGCTCGGCCACCAAGCAGGAACGGTCGCCCGCTTCGCAGCAATGCGGCGGGCGACTTCAACCCTTCGACCTGAGATCAGACAAGACCACCCGCTGAACTTAAGCATATCAA"
"ASV_1196","Viridiplantae","Chlorophyta","Trebouxiophyceae","Prasiolales","Stichococcaceae","Diplosphaera","Diplosphaera chodatii","TCTTGGCTCCCGCATCGATGAAGAACGCAGCGAAATGCGATACGTAGTGTGAATTGCAGAATTCCGTGAATCATCGAATCTTTGAACGCATATTGCGCTCGAGACTTCGGTCGAGAGCATGCCTGTCTCAGCGTCGGCTCACCCCTCGCCCACCCTTTCCCCTTTACCGGAGGAGAGGTGCCTGGACGGACGTGGCCGTCTCGCTTTCCCTCTACCGGGAGAGCGGGTCGGCTGAAGTGCAGGGCCCGCGGCGCGACCCGGACGAGAGGGCGCCAGCATGGTAGGTGGCTCAACGCTGCATGCCGCTGTCGCCTTTCATCTCGGCCCGAATCAAGGTCGCATCCAATCGTCCGCTCGGCCACCAAGCAGGAACGGTCGCTCTCTTCGCAGCAATGCGGCGAGCGACTTCAACCCTTCGACCTGAGATCAGACAAGACCACCCGCTGAACTTAAGCATATCAA"
"ASV_151","Viridiplantae","Chlorophyta","Trebouxiophyceae","Prasiolales","Stichococcaceae","Diplosphaera","Diplosphaera chodatii","TCTTGGCTCCCGCATCGATGAAGAACGCAGCGAAATGCGATACGTAGTGTGAATTGCAGAATTCCGTGAATCATCGAATCTTTGAACGCATATTGCGCTCGAGACTTCGGTCGAGAGCATGCCTGTCTCAGCGTCGGCTCACCCCTCGCCCACCCTTTCCCCTTTACCGGAGGAGAGGTGCCTGGACGGACGTGGCCGTCTCGCTTTCCCCTTAAACCGGGAGAGCGGGTCGGCTGAAGTGCAGGGCCCGCGGCGCGACCCGGACGAGAGGGCGCCAGCATGGTAGGTGGCTCAACGCTGCATGCCGCTGTCGCCTTTCATCTCGGCCCGAATCAAGGTCGCATCCAATCGTCCGCTCGGCCACCAAGCAGGAACGGTCGCCCGGCTCGCAGCAATGCGGCGGGCGACTTCAACCCTTCGACCTGAGATCAGACAAGACCACCCGCTGAACTTAAGCATATCAA"
"ASV_284","Viridiplantae","Chlorophyta","Trebouxiophyceae","Prasiolales","Stichococcaceae","Diplosphaera","Diplosphaera chodatii","TCTTGGCTCCCGCATCGATGAAGAACGCAGCGAAATGCGATACGTAGTGTGAATTGCAGAATTCCGTGAATCATCGAATCTTTGAACGCATATTGCGCTCGAGACTTCGGTCGAGAGCATGCCTGTCTCAGCGTCGGCTCACCCCTCGCCCACCCTTTCCCCTGTACCGGAGGAGAGGTGCCTGGACGGACGTGGCCGTCTCGCTTTCCCTTTACCGGGAGAGCGGGTCGGCTGAAGTGCAGGGCCCGCGGCGCGACCCGGACGAGAGGGCGCCAGCATGGTAGGTGGCTCAACGCTGCATGCCGCTGTCGCCTTTCATCTCGGCCCGAATCAAGGTCGCATCCAATCGTCCGCTCGGCCACCAAGCAGGAACGGTCGCCCTCTTCGCAGCAATGCGGCGGGCGACTTCAACCCTTCGACCTGAGATCAGACAAGACCACCCGCTGAACTTAAGCATATCAA"
"ASV_399","Viridiplantae","Chlorophyta","Trebouxiophyceae","Prasiolales","Stichococcaceae","Diplosphaera","Diplosphaera chodatii","TCTTGGCTCCCGCATCGATGAAGAACGCAGCGAAATGCGATACGTAGTGTGAATTGCAGAATTCCGTGAATCATCGAATCTTTGAACGCATATTGCGCTCGAGACTTCGGTCGAGAGCATGCCTGTCTCAGCGTCGGCTCACCCCTCGCCCACCCTTTCCCCTTTACCGGAGGAGAGGTGCCTGGACGGACGTGGCCGTCTCGCTTTCCCTTTGCCGGGAGAGCGGGTCGGCTGAAGTGCAGGGCCCGCGGCGCGACCCGGACGAGAGGGCGCCAGCATGGTAGGTGGCTCAACGCTGCATGCCGCTGTCGCCTTTCATCTCGGCCCGAATCAAGGTCGCATCCAATCGTCCGCTCGGCCACCAAGCAGGAACGGTCGCTCTCTTTCGCAGCAATGCGGCGGGCGACTTCAACCCTTCGACCTGAGATCAGACAAGACCACCCGCTGAACTTAAGCATATCAA"
"ASV_509","Viridiplantae","Chlorophyta","Trebouxiophyceae","Prasiolales","Stichococcaceae","Diplosphaera","Diplosphaera chodatii","TCTTGGCTCCCGCATCGATGAAGAACGCAGCGAAATGCGATACGTAGTGTGAATTGCAGAATTCCGTGAATCATCGAATCTTTGAACGCATATTGCGCTCGAGACTTCGGTCGAGAGCATGCCTGTCTCAGCGTCGGCTCACCCCTCGCCCACCCTTTCCCCTTTACCGGAGGAGAGGTGCCTGGACGGACGTGGCCGTCTCGCTTTCCCCTTAAACCGGGAGAGCGGGTCGGCTGAAGTGCAGGGCCCGCGGCGCGACCCGGACGAGAGGGCGCCAGCATGGTAGGTGGCTCAACGCTGCATGCCGCTGTCGCCTTTCATCTCGGCCCGAATCAAGGTCGCATCCAATCGTCCGCTCGGCCACCAAGCAGGAACGGTCGCCCGCTTCGCAGCAATGCGGCGGGCGACTTCAACCCTTCGACCTGAGATCAGACAAGACCACCCGCTGAACTTAAGCATATCAA"
"ASV_337","Viridiplantae","Chlorophyta","Trebouxiophyceae","Prasiolales","Stichococcaceae","Diplosphaera","Diplosphaera sp. Ru-6-16","TCTTGGCTCCCGCATCGATGAAGAACGCAGCGAAATGCGATACGTAGTGTGAATTGCAGAATTCCGTGAATCATCGAATCTTTGAACGCATATTGCGCTCGAGACTTCGGTCGAGAGCATGCCTGTCTCAGCGTCGGCTCACCCCTCGCCCACCCTTTCCCCTTCACCGGAGGAGAGGTGCCTGGACGGACGTGGCCGTCTCGCTTTCCCGGTATCTCACCGGGAGAGCGGGTCGGCTGAAGTGCAGGGCCCGCGGCGCGACCCGGACGAGAGGGCGCCAGCATGGTAGGTGGCTCAACGCTGCATGCCGCTGTCGCCTTTCATCTCGGCCCGAATCAAGGTCGCATCCAATCGTCCGCTCGGCCACCAAGCAGGAACGGTCGCCCGGTTCGCAGCAATGCGGCGGGCGACTTCAACCCTTCGACCTGAGATCAGACAAGACCACCCGCTGAACTTAAGCATATCAA"
"ASV_6102","Viridiplantae","Chlorophyta","Trebouxiophyceae","Prasiolales","Stichococcaceae","Stichococcus","Stichococcus bacillaris","TCTTGGCTCCCGCATCGATGAAGAACGCAGCGAAATGCGATACGTAGTGTGAATTGCAGAATTCCGTGAATCATCGAATCTTTGAACGCATATTGCGCTCGAGACTTCGGTCGAGAGCATGCCTGTCTCAGCGTCGGCTCACCCCTCGCCCACCCTTTCCCTCTCAACGAAGGAAAGGCGCCTGGACGGACGTGGCCGTCTCGCTCCCGGCTTGGCAACAAGCACGGGGAGCGGGTCGGCTGAAGTGCAGGGCCCGCGGCGCGACCCGGACGAGAGGGCGCCAGCATGGTAGGTGGCTCAACGCTGCATGCCGCTGTCGCCTTTCATCTCGGCCCGATCAAGGTCGCATCAATCGTCCGCACGGCCACCAAGCAGGAACAGTCACCCGGCCGCAGCGATGCGGCAGGCGACTCAACCCTTCGACCTGAGATCAGACAAGACTACCCGCTGAACTTAAGCATATCAA"
"ASV_1022","Viridiplantae","Chlorophyta","Trebouxiophyceae","Prasiolales","Stichococcaceae","Stichococcus","Stichococcus mirabilis","TCTTGGCTCCCGCATCGATGAAGAACGCAGCGAAATGCGATACGTAGTGTGAATTGCAGAATTCCGTGAATCATCGAATCTTTGAACGCATATTGCGCCCACGGCCTCGGCTAAGGGCATGCCTGTCTCAGCGTCCGCTCACCCCCTCGCCCACCCTTTCCTGGTTGAAAGCGGTTTGGACGGATGTGGCCGTCTCGCTCACCTTTTAATCGAGGAAGAGCGGGTCGGCTGAAGCGCAGGGCTCGCGGCGGGACCCCATTCGATCGGGGCGCCAGCATGGTAGGTGGCTCACGCTCACATACTGGCTGTCGTCTCCCATATCACCGGGCGCTCCGCCTGCTGCCACAGCAGGAAAAACCAATCAAAACCTTGGACCTGAGATCAGACAAGACCACCCGCTGAACTTAAGCATATCAA"
"ASV_2222","Viridiplantae","Chlorophyta","Trebouxiophyceae","Prasiolales","Stichococcaceae","Stichococcus","Stichococcus mirabilis","TCTTGGCTCCCGCATCGATGAAGAACGCAGCGAAATGCGATACGTAGTGTGAATTGCAGAATTCCGTGAATCATCGAATCTTTGAACGCATATTGCGCCCACGGCCTCGGCTAAGGGCATGCCTGTCTCAGCGTCCGCTCACCCCCTCGCCCACCCTTTCCTTGTTGAAAGCGGTTTGGACGGATGTGGCCGTCTCGCTCTCCTTTTAATCGAGGAAGAGCGGGTCGGCTGAAGCGCAGGGCTCGCGGCGGGACCCCATTCGATCGGGGCGCCAGCATGGTAGGTGGCTCACGCTCACATACTAGCTGTCGTCTCCCATATCACCGGGCGCTCCGCCTGCTGCCACAGCAGGAAAAACCAATCAAACCTTGGACCTGAGATCAGACAAGACCACCCGCTGAACTTAAGCATATCAA"
"ASV_3651","Viridiplantae","Chlorophyta","Trebouxiophyceae","Prasiolales","Stichococcaceae","Stichococcus","Stichococcus mirabilis","TCTTGGCTCCCGCATCGATGAAGAACGCAGCGAAATGCGATACGTAGTGTGAATTGCAGAATTCCGTGAATCATCGAATCTTTGAACGCATATTGCGCCCACGGCCTCGGCTAAGGGCATGCCTGTCTCAGCGTCCGCTCACCCCCTCGCCCACCCTTTCCTTGTTGAAAGCGGTTTGGACGGATGTGGCCGTCTCGCTCTCCTTTTCATCGAGGAAGAGCGGGTCGGCTGAAGCGCAGGGCTCGCGGCGGGACCCCATTCGATCGGGGCGCCAGCATGGTAGGTGGCTCACGCTCACATACTAGCTGTCGTCTCCCATATCACCGGGCGCTCCGCCTGCTGCCACAGCAGGAAAAACCAATCAAACCTTGGACCTGAGATCAGACAAGACCACCCGCTGAACTTAAGCATATCAA"
"ASV_6030","Viridiplantae","Chlorophyta","Trebouxiophyceae","Prasiolales","Stichococcaceae","Stichococcus","Stichococcus mirabilis","TCTTGGCTCCCGCATCGATGAAGAACGCAGCGAAATGCGATACGTAGTGTGAATTGCAGAATTCCGTGAATCATCGAATCTTTGAACGCATATTGCGCCCACGGCCTCGGCTAAGGGCATGCCTGTCTCAGCGTCCGCTCACCCCCTCGCCCACCCTTTCTTTGTTGAAAGCGGTTTGGACGGATGTGGCCGTCTCGCTCTCCTTTTAATCGAGGAAGAGCGGGTCGGCTGAAGCGCAGGGCTCGCGGCGGGACCCCATTCGATCGGGGCGCCAGCATGGTAGGTGGCTCACGCTCACATACTAGCTGTCGTCTCCCATATCACCGGGCGCTCCGCCTGCTGCCACAGCAGGAAAAACCAATCAAACCTTGGACCTGAGATCAGACAAGACCACCCGCTGAACTTAAGCATATCAA"
"ASV_4311","Viridiplantae","Chlorophyta","Trebouxiophyceae","Prasiolales","Stichococcaceae","Stichococcus","Stichococcus sp.","TCTTGGCTCCCGCATCGATGAAGAACGCAGCGAAATGCGATACGTAGTGTGAATTGCAGAATTCCGTGAATCATCGAATCTTTGAACGCATATTGCGCTCGAGACTTCGGTCGAGAGCATGCCTGTCTCAGCGTCGGCTCACCCCTCGCCCACCCTCTCCCCGTCCTCAACGGACGCGCGGAAAGGTGCCTGGACGGACGTGGCCGTCTCGCTTCCGGCTTGGCAACGAGCACGGGAGCGGGTCGGCTGAAGTGCAGGGCCCGCGGCGCGACCCGGACGAGAGGGCGCCAGCATGGTAGGTGGCTCAACGCTGCATGCCGCTGTCGCCTTTCATCTCGGCCCGAACAAGGTCGCACACAATCGTCCGCTCGGCCACCAAGCAGGAACAGCCGCCCGGCCGCAGAGATGCGGGCGCAGGCGACTCAACCCTTCGACCTGAGATCAGACAAGACCACCCGCTGAACTTAAGCATATCAA"
"ASV_2992","Viridiplantae","Chlorophyta","Trebouxiophyceae","Prasiolales","Stichococcaceae","Stichococcus","Stichococcus sp. IOAC812S","TCTTGGCTCCCGCATCGATGAAGAACGCAGCGAAATGCGATACGTAGTGTGAATTGCAGAATTCCGTGAATCATCGAATCTTTGAACGCATATTGCGCTCGAGACTTCGGTCGAGAGCATGCCTGTCTCAGCGTCGGCTCACCCCTCGCCCACCCTTTCCGCTTTTCGTGGAAAGGTGCCTGGACGGACGTGGCCGTCTCGATTGGATTTTGGAAACAAAAGACGATCGGGTCGGCTGAAGTGCAGGGCCCGCGGCGCGACCCGGACAAGAGGGCGCCAGCATGGTAGGTGGCTTTCAATGCTGCATGCCGCTGTCGTCTCCCCTTGGCCCGATCACCAGTGTCGCATCCAATCGTCCGCTCGGCCAACAAGCAGGAAACGTCGGGGCCGCCGGCTACGCAAATAATCGGCGGCGCCGCCATTCAAACCTTCGACCTGAGATCAGACAAGACCACCCGCTGAACTTAAGCATATCAA"
"ASV_834","Viridiplantae","Chlorophyta","Trebouxiophyceae","Prasiolales","Stichococcaceae","Stichococcus","Stichococcus sp. IOAC812S","TCTTGGCTCCCGCATCGATGAAGAACGCAGCGAAATGCGATACGTAGTGTGAATTGCAGAATTCCGTGAATCATCGAATCTTTGAACGCATATTGCGCTCGAGACTTCGGTCGAGAGCATGCCTGTCTCAGCGTCGGCTCACCCCTCGCCCACCCTTTCCGCTTTTCGTGGAAAGGTGCCTGGACGGACGTGGCCGTCTCGATTGGATTTTGGAAACAAAAGACGATCGGGTCGGCTGAAGTGCAGGGCCCGCGGCGCGACCCGGACAAGAGGGCGCCAGCATGGTAGGTGGCTTTCAATGCTGCATGCCGCTGTCGTCTCCCCTTGGCCCGACCACCAGTGTCGCATCCAATCGTCCGCTCGGCCAACAAGCAGGAAACGTCGGGGCCGCCGGCTACGCAAATAATCGGCGGCGCCGCCATTCAAACCTTCGACCTGAGATCAGACAAGACCACCCGCTGAACTTAAGCATATCAA"
"ASV_124","Viridiplantae","Chlorophyta","Trebouxiophyceae","Prasiolales","Stichococcaceae","Stichococcus","Stichococcus sp. KP09AW1004","TCTTGGCTCCCGCATCGATGAAGAACGCAGCGAAATGCGATACGTAGTGTGAATTGCAGAATTCCGTGAATCATCGAATCTTTGAACGCATATTGCGCTCGAGACTCCGGTCGAGAGCATGTCTGTCTCAGCGTCGGCTCACCCCCTCGCCCCTCTTCCCATTCGGCAAGAGTTTAAAGGGCGGACGTGGCCGTCTCGGGCCTTCCTCTAGGCTCGGGTCGGCTGAAGCGCAGGGCTTGCGGCCGGACCCACACACAGGGCGCCAGCATGGTAGGTGGCTTCACTGCTGCATGCCGCTGTCGTTCCACCCGGTGGGCTCCCATGCCGCGCGGCCAAGCAGGAAGCATCGACTCGGGGGCTCGCCCCCGGGTCTTTCAACCTTCGACCTGAGATCAGACAAGACCACCCGCTGAACTTAAGCATATCAA"
"ASV_814","Viridiplantae","Chlorophyta","Trebouxiophyceae","Prasiolales","Stichococcaceae","Stichococcus","Stichococcus sp. KP09AW1004","TCTTGGCTCCCGCATCGATGAAGAACGCAGCGAAATGCGATACGTAGTGTGAATTGCAGAATTCCGTGAATCATCGAATCTTTGAACGCATATTGCGCTCGAGACTCCGGTCGAGAGCATGTCTGTCTCAGCGTCGGCTCACCCCCTCGCCCCTCTTCCCATTCGGCAAGAGTTTAAAGGGCGGACGTGGCCGTCTCGGGCCTTCCTCTAGGCTCGGGTCGGCTGAAGCACAGGGCTTGCGGCCGGACCCACACACAGGGCGCCAGCATGGTAGGTGGCTTCACTGCTGCATGCCGCTGTCGTTCCACCCGGTGGGCTCCCATGCCGCGCGGCCAAGCAGGAAGCATCGACTCGGGGGCTCGCCCCCGGGTCTTTCAACCTTCGACCTGAGATCAGACAAGACCACCCGCTGAACTTAAGCATATCAA"
"ASV_67","Viridiplantae","Chlorophyta","Trebouxiophyceae","Prasiolales","Stichococcaceae","Stichococcus","Stichococcus sp. S2RA-21","TCTTGGCTTCCGCATCGATGAAGAACGCAGCGAAATGCGATACGTAGTGTGAATTGCAGAATTCCGTGAATCATCGAATCTTTGAACGCATATTGCGCTCGAGACTTCGGTCGAGAGCATGCCTGTCTCAGCGTCGGCTCACCCCCTCGCCCCCTCTTCCTTCCTTCGGGAAAAGAAAAGGTTTAAAAGGCGGACGTGGCCGTCTCAGTTTTTATTAAAAACTGGGTCGGCTGAAGCACAGGGCTTGCGGCCGGACCCTCATTCAATTGGGGCGCCAGCATGGTAGGTGGCTCTTTGCAGCTGCATGCCGCTGTCGCTTTCCAGACCGAGACCGACCGCGCGGCCAAGCAGGAAAGCTTTTTCCGTGGTCTGACGACCTGTGAAAAAACAATTCTTCGACCTGAGATCAGACAAGACCACCCGCTGAACTTAAGCATATCAA"
"ASV_1379","Viridiplantae","Chlorophyta","Trebouxiophyceae","Prasiolales","Stichococcaceae","Tritostichococcus","Tritostichococcus coniocybes","TCTTGGCTTCCGCATCGATGAAGAACGCAGCGAAATGCGATACGTAGTGTGAATTGCAGAATTCCGTGAATCATCGAATCTTTGAACGCATATTGCGCTCGAGACTTCGGTCGAGAGCATGCCTGTCTCAGCGTCGGCTCACCCCCTCGCCCCCTTCTCCTTTACTGGAGCAGGTTTAAAAGGCGGACGTGGCCGTCTCAGTTTTCTGGCAACAGAAACACTGGGTCGGCTGAAGCACAGGGCTTGCGGCCGGACCCTCAATCACTTGGGGCGCCAGCATGGTAGGTGGCTCTTCGCAGCTGCATGCCGCTGTCGCTTTCCATACCGAGACCGACCGCGCGGCCAAGCAGGAAAAGCTCTTTCTTCACAGAAAGATCAATTCTTCGACCTGAGATCAGACAAGACTACCCGCTGAACTTAAGCATATCAA"
"ASV_1751","Viridiplantae","Chlorophyta","Trebouxiophyceae","Prasiolales","Stichococcaceae","Tritostichococcus","Tritostichococcus coniocybes","TCTTGGCTTCCGCATCGATGAAGAACGCAGCGAAATGCGATACGTAGTGTGAATTGCAGAATTCCGTGAATCATCGAATCTTTGAACGCATATTGCGCTCGAGACTTCGGTCGAGAGCATGCCTGTCTCAGCGTCGGCTCACCCCCTCGCCCCCTTCTCCTTTACTGGACCAGGTTTAAAAGGCGGACGTGGCCGTCTCAGTTTTCTGGCAACAGAAACACTGGGTCGGCTGAAGCACAGGGCTTGCGGCCGGACCCTCAATCACTTGGGGCGCCAGCATGGTAGGTGGCTCTTCGCAGCTGCATGCCGCTGTCGCTTTCCATACCGAGACCGACCGCGCGGCCAAGCAGGAAAAGCTCTTTCTTCACAGAAAGATCAATTCTTCGACCTGAGATCAGACAAGACTACCCGCTGAACTTAAGCATATCAA"
"ASV_1783","Viridiplantae","Chlorophyta","Trebouxiophyceae","Prasiolales","Stichococcaceae","Tritostichococcus","Tritostichococcus coniocybes","TCTTGGCTTCCGCATCGATGAAGAACGCAGCGAAATGCGATACGTAGTGTGAATTGCAGAATTCCGTGAATCATCGAATCTTTGAACGCATATTGCGCTCGAGACTTCGGTCGAGAGCATGCCTGTCTCAGCGTCGGCTCACCCCCTCGCCCCCTTCTCCTTCACTGGAGCAGGTTTAAACGGCGGATGTGGCCGTCTCAGTTTTCTGGCAACAGAAAAACTGGGTCGGCTGAAGCACAGGGCTTGCGGCCGGACCCTCAATCACTTGGGGCGCCAGCATGGTAGGTGGCTCTTCGCAGCTGCATGCCGCTGTCGCTTTCCAGACCGAGACCGACCGCGCGGCCAAGCAGGAAAAGCTCTTTCTTCACTGAAAGATCAATTCTTCGACCTGAGATCAGACAAGACTACCCGCTGAACTTAAGCATATCAA"
"ASV_992","Viridiplantae","Chlorophyta","Trebouxiophyceae","Prasiolales","Stichococcaceae","Tritostichococcus","Tritostichococcus coniocybes","TCTTGGCTTCCGCATCGATGAAGAACGCAGCGAAATGCGATACGTAGTGTGAATTGCAGAATTCCGTGAATCATCGAATCTTTGAACGCATATTGCGCTCGAGACTTCGGTCGAGAGCATGCCTGTCTCAGCGTCGGCTCACCCCCTCGCCCCCTTCTCCTTTACTGGAGCAGGTTTAAAAGGCGGATGTGGCCGTCTCAGTTTTCTGGCAACAGCAAAACTGGGTCGGCTGAAGCACAGGGCTTGCGGCCGGACCCTCAATCAATTGGGGCGCCAGCATGGTAGGTGGCTCTTCGCAGCTGCATGCCGCTGTCGCTTTCCAGACCGAGACCGACCGCGCGGCCAAGCAGGAAAAGCTCTTTCTTCACTGAAAGATCAATTCTTCGACCTGAGATCAGACAAGACTACCCGCTGAACTTAAGCATATCAA"
"ASV_2132","Viridiplantae","Chlorophyta","Trebouxiophyceae","Prasiolales",NA,NA,"Prasiolales sp. S1MWC-09","TCTTGGCTCCCGCATCGATGAAGAACGCAGCGAAATGCGATACGTAGTGTGAATTGCAGAATTCCGTGAATCATCGAATCTTTGAACGCATATTGCGCTCGAGACTTCGGTCGAGAGCATGCCTGTCTCAGCGTCGGCTCACCCCTCGCCCACCCTTTCCCTCTCAACGATGGAGAGGCGCCTGGACGGACGTGGCCGTCTCGCTCCCGGCTTGGCAACAAGCACGGGGAGCGGGTCGGCTGAAGTGCAGGGCCCGCGGCGCGACCCGGACGAGAGGGCGCCAGCATGGTAGGTGGCTCAACGCTGCATGCCGCTGTCGCCTTTCATCTCGGCCCGATCAAGGTCGCATCAATCGTCCGCACGGCCACCAAGCAGGAACAGTCACCCGGCCGCAGCGATGCGGCAGGCGACTCAACCCTTCGACCTGAGATCAGACAAGACTACCCGCTGAACTTAAGCATATCAA"
"ASV_1","Viridiplantae","Chlorophyta","Trebouxiophyceae","Trebouxiales","Trebouxiaceae","Asterochloris","Asterochloris gaertneri","TCTTGGCTCCCGCAACGATGAAGAACGCAGCGAAATGCGATACGTAGTGTGAATTGCAGAATTCCGTGAACCATCGAATCTTTGAACGCATATTGCGCCCCACGGCCTCGGCCCAGGGCATGTCTGCCTCAGCGTCTGTTTACCCCCTCTCCCCCCTTTCACATACACTGTGAAATCGGGAAGGTTGTGGTCTTGTGCTGCGGCACTTGGCCGAAATTCAGTGATACTACAGGGACCGTTAGTCGGACTCCAGCTTGGTAGGCTTTTCCCTTGTGGAATTATGCATGCCGCTGTTGGCCGTGGACCACTGCAGCTGTCAAGCAGGGAAACCTTTCAAATTTAGACCTGAGGTCAGGCAAGACCACCCGCTGAACTTAAGCATATCAA"
"ASV_2557","Viridiplantae","Chlorophyta","Trebouxiophyceae","Trebouxiales","Trebouxiaceae","Asterochloris","Asterochloris gaertneri","TCTTGGCTCCCGCAACGATGAAGAACGCAGCGAAATGCGATACGTAGTGTGAATTGCAGAATTCCGTGAACCATCGAATCTTTGAACGCATATTGCGCCCCACGGCCTCGGCCCAGGGCATGTCTGCCTCAGCGTCTGTTTACCCCCTCTCCCCCCTTTCACATACACTGTGAAATCGGGAAGGTTGTGGTCTTGTGCTGCGGCACTTGGCCGAAATTCAGTGATACTACAGGGACCTTTAGTCGGACTCCAGCTTGGTAGGCTTTTCCCTTGTGGAATTATGCATGCCGCTGTTGGCCGTGGACCACTGCAGCTGTCAAGCAGGGAAACCTTTCAAATTTAGACCTGAGGTCAGGCAAGACCACCCGCTGAACTTAAGCATATCAA"
"ASV_73","Viridiplantae","Chlorophyta","Trebouxiophyceae","Trebouxiales","Trebouxiaceae","Asterochloris","Asterochloris phycobiontica","TCTTGGCTCCCGCAACGATGAAGAACGCAGCGAAATGCGATACGTAGTGTGAATTGCAGAATTCCGTGAACCATCGAATCTTTGAACGCATATTGCGCCCCACGGCCTCGGCCCAGGGCATGTCTGCCTTAGCGTCTGTTTACCCCCTCTCCCCCCTCTCACATACTGTGAGATCGGGAAGGTTGTGGTCTTGTGCTGCGGCACTTGGCCGAAATTCAGTGACACTGCAGGGACCGTTAATCGGACTCCAGCTTGGTAGGCTTTTCCCTCGTGGAATTATGCATGCCGCTGTTGGCCGTGGACCACTGCAGCCGTCAAGCAGGGAAACCTTTCAACTTTAGACCTGAGGTCAGGCAAGACCACCCGCTGAACTTAAGCATATCAA"
"ASV_127","Viridiplantae","Chlorophyta","Trebouxiophyceae","Trebouxiales","Trebouxiaceae","Asterochloris","Asterochloris sp. CL259","TCTTGGCTCCCGCAACGATGAAGAACGCAGCGAAATGCGATACGTAGTGTGAATTGCAGAATTCCGTGAACCATCGAATCTTTGAACGCATATTGCGCCCCACGGCCTCGGCCCAGGGCATGTCTGCCTCAGCGTCTGTTTACCCCTCTCCCCCCTCTCACATACTGTGAGATCGGGAAGGTTGTGGTCTTGTGCTGCGGCACTTGGCCGAAATTCAGTGACACTGCAGGGACCGTTAATCGGACTCCAGCTTGGTAGGCTTTTCCCTCGTGGAATTATGCATGCCGCTGTTGGCCGTGGACCACTGCAGCCGTCAAGCAGGGAAACCTTTCAACTTTAGACCTGAGGTCAGGCAAGACCACCCGCTGAACTTAAGCATATCAA"
"ASV_45","Viridiplantae","Chlorophyta","Trebouxiophyceae","Trebouxiales","Trebouxiaceae","Asterochloris","Asterochloris sp. CL259","TCTTGGCTCCCGCAACGATGAAGAACGCAGCGAAATGCGATACGTAGTGTGAATTGCAGAATTCCGTGAACCATCGAATCTTTGAACGCATATTGCGCCCCACGGCCTCGGCCCAGGGCATGTCTGCCTCAGCGTCTGTTTACCCCCTCTCCCCCCTCTCACATACTGTGAGATCGGGAAGGTTGTGGTCTTGTGCTGCGGCACTTGGCCGAAATTCAGTGACACTGCAGGGACCGTTAATCGGACTCCAGCTTGGTAGGCTTTTCCCTCGTGGAATTATGCATGCCGCTGTTGGCCGTGGACCACTGCAGCCGTCAAGCAGGGAAACCTTTCAACTTTAGACCTGAGGTCAGGCAAGACCACCCGCTGAACTTAAGCATATCAA"
"ASV_148","Viridiplantae","Chlorophyta","Trebouxiophyceae","Trebouxiales","Trebouxiaceae","Dictyochloropsis","Dictyochloropsis sp. 17945","TCTTGGCTCCCGTAACGATGAAGAACGCAGCGAAATGCGATACGTAGTGTGAATTGCAGAATTCCGTGAATCATCGAGTCTTTGAACGCAAATCGCGCTCGAGGCCTCGGCCGAGAGCATGTCTGCCTCAGCGTCGTCTCACCCCCTCCCTTTCGGTCACCCGATCGAAGGGGGAACTGGTCGTTTCGGTGCCTGGCACCGAATCGGTCGAAATACAGAAGGACCCTCCTTTCACCAAGGGTCTCGAAAGGTAGATTGCCCTCGGGCGATTCCTATCGAGGCTCGAAAGGCAGGCCGCCCTACAGCCGGAGAAACACACCCAGACTTTGACCTGAGTTCAGGCAAGAACACCCGCTGAACTTAAGCATATCAA"
"ASV_15","Viridiplantae","Chlorophyta","Trebouxiophyceae","Trebouxiales","Trebouxiaceae","Dictyochloropsis","Dictyochloropsis sp. 17945","TCTTGGCTCCCGTAACGATGAAGAACGCAGCGAAATGCGATACGTAGTGTGAATTGCAGAATTCCGTGAATCATCGAGTCTTTGAACGCAAATCGCGCTCGAGGCCTCGGCCGAGAGCATGTCTGCCTCAGCGTCGTCTCACCCCCTCCCTTTCGGTCACCCGATCGAAGGGGGAACTGGTCGTTTCGGTGCCTGGCACCGAATCGGTCGAAATGCAGAAGGACCCTCCTTTCACCAAGGGTCTCGAAAGGTAGATTGCCCTCGGGCGATTCCTATCGAGGCTCGAAAGGCAGGCCGCCCTACAGCCGGAGAAACACACCCAGACTTTGACCTGAGTTCAGGCAAGAACACCCGCTGAACTTAAGCATATCAA"
"ASV_153","Viridiplantae","Chlorophyta","Trebouxiophyceae","Trebouxiales","Trebouxiaceae","Dictyochloropsis","Dictyochloropsis splendida","TCTTGGCTCCCGTATCGATGAAGAACGCAGCGAAATGCGATACGTAGTGTGAATTGCAGAATTCCGTGAACCATCGAATCTTTGAACGCAAATTGCGCTCGAGGCCTTGGCCAAGAGCATGTCTGCCTCAGCGTCGGCTATACATCCTCGCCCTCTAACATTCGTTTGTTTGTTGGGCGGAACTGGTCGTCTCAATCTCCCGATTGGGTCGGTCGAAACGCAGAGGCTGAATCGGACCTTTCAAAGGCGACAACTTGGTAGGTGGCGCATGCCGCATGCCGTTGTTGCTCGGGTCTGGTGAGGCCATTCGGAACCGGCTTGCCGGTCCACCTTTCAATTTTCGACCTGAGTTTAGGCAAGAGCACCCGCTGAACTTAAGCATATCAA"
"ASV_6183","Viridiplantae","Chlorophyta","Trebouxiophyceae","Trebouxiales","Trebouxiaceae","Dictyochloropsis","Dictyochloropsis splendida","TCTTGGCTCCCGTAACGATGAAGAACGCAGCGAAATGCGATACGTAGTGTGAATTGCAGAATTCCGTGAATCATCGAGTCTTTGAACGCAAATCGCGCTCGAGGCTTCGGCCGAGAGCATGTCTGCCTCAGCGTCGTCTCAACACGTCTTTTTCGATCGATTCGGGTCGAAAGGGGAGCTGGTCGTTTCGGTGCTGGCCATCGAATCGGTCGAAATGTAGAAGGGCCCTCCCCCTCATCGAAAGGGCTTCGAAAGGTGGGTTGCCTTCGGGCGATTCCTGTCGAAGCTCGAGGGAGAGGCTGCCCTGCAGCCGGAGAAAGCATCCTAGACTTTGACCTGAGTTCAGGCAAGATCACCCGCTGAACTTAAGCATATCAA"
"ASV_92","Viridiplantae","Chlorophyta","Trebouxiophyceae","Trebouxiales","Trebouxiaceae","Dictyochloropsis","Dictyochloropsis splendida","TCTTGGCTCCCGTATCGATGAAGAACGCAGCGAAATGCGATACGTAGTGTGAATTGCAGAATTCCGTGAACCATCGAATCTTTGAACGCAAATTGCGCTCGAGGCCTTGGCCAAGAGCATGTCTGCCTCAGCGTCGGTTATACATCCTCGCCCTCTAACATTCGTTTGTTTGCTGGGCGGAACTGGTCGTCTCAATCTCCCGATTGGGTCGGTCGAAACGTAGAGGCTGAATCGGACCTTTTAAAGGCGACAACTTGGTAGGTGGCGCATGCCGCATGCCGTTGTTGCTCCGGTCTGGTGAGGCCAATCGGAACCGGCTTGCCGGTCCACCTTTCAATTTTCGACCTGAGTTTAGGCAAGAGCACCCGCTGAACTTAAGCATATCAA"
"ASV_126","Viridiplantae","Chlorophyta","Trebouxiophyceae","Trebouxiales","Trebouxiaceae","Symbiochloris","Symbiochloris reticulata","TCTTGGCTCCCGTAACGATGAAGAACGCAGCGAAATGCGATACGTAATGTGAATTGCAGAATTCCGTGAATCATCGAGTCTTTGAACGCAAATCGCGCTCGAGGCCTCGGCCGAGAGCATGTCTGCCTCAGCGTCGTCTCAACCCCTCCCCTTCCTTTCACTGAAAGAAAAGGGGGACCTGGTCGTTTCGATGCTCCGCCATCGAATCGGTCGAAATGCAGAAGGGCCCCTCTCTCACAAAGGGCTTCGAAAGGTAGACGCCTGCGGGCTGACATCCGATCGGAGCTCGAGGGCACAGGGCCGCCCTGAAGCCGGAGAGCACACCCACAGACTTTGACCTGAGTTCAGGCAAGAACACCCGCTGAACTTAAGCATATCAA"
"ASV_19","Viridiplantae","Chlorophyta","Trebouxiophyceae","Trebouxiales","Trebouxiaceae","Symbiochloris","Symbiochloris reticulata","TCTTGGCTCCCGTAACGATGAAGAACGCAGCGAAATGCGATACGTAATGTGAATTGCAGAATTCCGTGAATCATCGAGTCTTTGAACGCAAATCGCGCTCGAGGCCTCGGCCGAGAGCATGTCTGCCTCAGCGTCGTCTCAACCCCTCCCCTTCCTTTCCTTTATGAAAGCAAGGGGGACCTGGTCGTTTCGATGCTCCGCCATCGAATCGGTCGAAATGCAGAAGGGCCCCTCTCTCACAAAGGGCTTCGAAAGGTAGACGCCTGCGGGCTGACATCCGATCGGAGCTCGAGGGCACAGGGCCGCCCTGAAGCCGGAGAGCACACCCACACACTTTGACCTGAGTTCAGGCAAGAACACCCGCTGAACTTAAGCATATCAA"
"ASV_201","Viridiplantae","Chlorophyta","Trebouxiophyceae","Trebouxiales","Trebouxiaceae","Symbiochloris","Symbiochloris reticulata","TCTTGGCTCCCGTAACGATGAAGAACGCAGCGAAATGCGATACGTAATGTGAATTGCAGAATTCCGTGAATCATCGAGTCTTTGAACGCAAATCGCGCTCGAGGCCTCGGCCGAGAGCATGTCTGCCTCAGCGTCGTCTCAACCCCTCCCCTTCCTTTCACTGAAAGAAAAGGGGGACCTGGTCGTTTCGATGCTCCGCCATCGAATCGGTCGAAATGTAGAAGGGCCCCTCTCTCACAAAGGGCTTCGAAAGGTAGACGCCTGCGGGCTGACATCCGATCGGAGCTCGAGGGCACAGGGCCGCCCTGAAGCCGGAGAGCACACCCACAGACTTTGACCTGAGTTCAGGCAAGAACACCCGCTGAACTTAAGCATATCAA"
"ASV_317","Viridiplantae","Chlorophyta","Trebouxiophyceae","Trebouxiales","Trebouxiaceae","Symbiochloris","Symbiochloris reticulata","TCTTGGCTCCCGTAACGATGAAGAACGCAGCGAAATGCGATACGTAATGTGAATTGCAGAATTCCGTGAATCATCGAGTCTTTGAACGCAAATCGCGCTCGAGGCCTCGGCCGAGAGCATGTCTGCCTCAGCGTCGTCTCAACCCCTCCCCTTCCTTTCCTTTATGAAAGCAGGGGGGACCTGGTCGTTTCGATGCTCCGCCATCGAATCGGTCGAAATGCAGAAGGGCCCCTCTCTCACAAAGGGCTTCGAAAGGTAGACGCCTGCGGGCTGACATCCGATCGGAGCTCGAGGGCACAGGGCCGCCCTGAAGCCGGAGAGCACACCCACACACTTTGACCTGAGTTCAGGCAAGAACACCCGCTGAACTTAAGCATATCAA"
"ASV_72","Viridiplantae","Chlorophyta","Trebouxiophyceae","Trebouxiales","Trebouxiaceae","Symbiochloris","Symbiochloris reticulata","TCTTGGCTCCCGTAACGATGAAGAACGCAGCGAAATGCGATACGTAATGTGAATTGCAGAATTCCGTGAATCATCGAGTCTTTGAACGCAAATCGCGCTCGAGGCCTCGGCCGAGAGCATGTCTGCCTCAGCGTCGTCTCAACCCCTCCCCTTCCTTTCACTGAAAGGAAAGGGGGACCTGGTCGTTTCGATGCTCCGCCATCGAATCGGTCGAAATGCAGAAGGGCCCCTCTCTCACAAAGGGCTTCGAAAGGTAGACGCCTGCGGGCTGACATCCGATCGGAGCTCGAGGGCACAGGGCCGCCCTGAAGCCGGAGAGCACACCCACAGACTTTGACCTGAGTTCAGGCAAGAACACCCGCTGAACTTAAGCATATCAA"
"ASV_138","Viridiplantae","Chlorophyta","Trebouxiophyceae","Trebouxiales","Trebouxiaceae","Symbiochloris","Symbiochloris sp. SAG 2069","TCTTGGCTCCCGTAACGATGAAGAACGCAGCGAAATGCGATACGTAATGTGAATTGCAGAATTCCGTGAATCATCGAGTCTTTGAACGCAAATTGCGCCTGCGGCCTCGTGCTCAAGGGCATGTCTGCCTCAGCGTCTTTATCACTCCTCTCCCACCCTCTTCCAAGAGGGAGGGAGGATCTGGTCGTCTCGATGCTCGCATCGTGTCGGCTGAAATGTAGAAGAGCCCTCCACTCGTCAAGGGTAACCGAAAGGTGGCAGCCTCCGGGCCGACCTCGCCGGTGCCCGAGTGCCGAGCGGTTCTCACGCCGGAGAAACTTCAAACTTTGACCTGAGTTCAGGCAAGACTACCCGCTGAACTTAAGCATATCAA"
"ASV_162","Viridiplantae","Chlorophyta","Trebouxiophyceae","Trebouxiales","Trebouxiaceae","Symbiochloris","Symbiochloris symbiontica","TCTCGGCTCCCACAACGATGAAGAACGCAGCGAAATGCGATACCTGATGTGAATTGCAGAATTCCGTGAATCATCGAGTCTTTGAACGCATATGGCGCCTGAAGCTTCGGCCGAGGGCATGCCTGCCTCAGCGTCGTTCCAACCCCCTCTCCGATCAGGGTACTCCCCTGGCCTCGGAGGAGCTGGCCTCTCCCCTAACCACGGGACTGGCTGAAAGGCAAGCGGCCCGGTCGAGTGACCGGCACCTGTGGTGGTGGCCCCGCGCCTCCCCTCTGGACCGGACGCTCGCACTGCCAGCGGCCCTATCTGAACGCACCCCCAATCATTCGACCTGAGTTCAGGCAAGAGCACCCGCTGAACTTAAGCATATCAA"
"ASV_6","Viridiplantae","Chlorophyta","Trebouxiophyceae","Trebouxiales","Trebouxiaceae","Symbiochloris","Symbiochloris symbiontica","TCTCGGCTCCCACAACGATGAAGAACGCAGCGAAATGCGATACCTGATGTGAATTGCAGAATTCCGTGAATCATCGAGTTTTTGAACGCATATGGCGCCTGAAGCCTCGGCGGAGGGCATGCCTGCCTCAGCGTCGTTCCAACCCCCTCTCCAATCAGGGTTTCACGACCCTTGGCCTTGGAGGAACTGGCCTCTCCCCTCCCAAGGGACTGGCTGAAAGGCAATCGGCCCGGTTAAGCGACCGGCACCTGTGGTGGTGGCCAAGCGCCTCCCCTCTGGACCGGACGCTTACACTGTATAGCGGCCCAATGTGAACGCACCCTCAATCATTCGACCTGAGTTCAGGCAAGAGCACCCGCTGAACTTAAGCATATCAA"
"ASV_10","Viridiplantae","Chlorophyta","Trebouxiophyceae","Trebouxiales","Trebouxiaceae","Trebouxia","Trebouxia decolorans","TCTTGGCTCCCGTAACGATGAAGAACGCAGCGAAATGCGATACGTAGTGTGAATTGCAGAATTCCGTGAACCATCGAATCTTTGAACGCAAATTGCGCTCGAGGCTTCGGCCAAGAGCATGTCTGCCTCAGCGTCGGCTACTACCCTCAACTAAGTTTCCTATCATTGATAGGGGATGCCAGTTGGATCTGGCCGTCCGGTTTGCCTTTCAGGTTGCCGGTCAGCTGAAATACATTCACGCTCTGGGGGCTGCTTTCCTCGAAAGGCTACTTTCGAGGGGAGGTGAGTTCCGATTTGGTAGGTGACCTTTGCCGGTTGCATGCCTTCGTTGCCCGCTAAGCTTCCCAGTAGTCGTTGTGCAGGACGCCTTTTGGCTTTCGACCTGAGGTCAGGCAAGAACACCCGCTGAACTTAAGCATATCAA"
"ASV_1964","Viridiplantae","Chlorophyta","Trebouxiophyceae","Trebouxiales","Trebouxiaceae","Trebouxia","Trebouxia decolorans","TCTTGGCTCCCGTAACGATGAAGAACGCAGCGAAATGCGATACGTAGTGTGAATTGCAGAATTCCGTGAACCATCGAATCTTTGAACGCAAATTGCGCTCGAGGCTTCGGCCAAGAGCATGTCTGCCTCAGCGTCGGCTACTACCCTCAACTAAGTTTCCTATCATTGATAGGGGATGCCAGTTGGATCTGGCCGTCCGGTTTGCCTTTCAGGTTGCCGGTCAGCTGAAATACATTCACGCTCTGGGGGCTGCTTTCCTCGAAAGGCTACTTTCGTGGGGAGGTGAGTTCCGATTTGGTAGGTGACCTTTGCCGGTTGCATGCCTTCGTTGCCCGCTAAGCTTCCCAGTAGTCGTTGTGCAGGACGCCTTTTGGCTTTCGACCTGAGGTCAGGCAAGAACACCCGCTGAACTTAAGCATATCAA"
"ASV_34","Viridiplantae","Chlorophyta","Trebouxiophyceae","Trebouxiales","Trebouxiaceae","Trebouxia","Trebouxia decolorans","TCTTGGCTCCCGTAACGATGAAGAACGCAGCGAAATGCGATACGTAGTGTGAATTGCAGAATTCCGTGAACCATCGAATCTTTGAACGCAAATTGCGCTCGAGGCTTCGGCCAAGAGCATGTCTGCCTCAGCGTCGGCTACTACCCTCAACTAAGTTTCCTATCATTGATAGGGGATGCCAGTTGGATCTGGCCGTCCGGTTTACCTTTCAGGTTGCCGGTCAGCTGAAATACATTCACGCTCTGGGGGCTGCTTTCCTCGAAAGGCTACTTTCGAGGGGAGGTGAGTTCCGATTTGGTAGGTGACCTTTGCCGGTTGCATGCCTTCGTTGCCCGCTAAGCTTCCCAGTAGTCGTTGTGCAGGACGCCTTTTGGCTTTCGACCTGAGGTCAGGCAAGAACACCCGCTGAACTTAAGCATATCAA"
"ASV_571","Viridiplantae","Chlorophyta","Trebouxiophyceae","Trebouxiales","Trebouxiaceae","Trebouxia","Trebouxia decolorans","TCTTGGCTCCCGTAACGATGAAGAACGCAGCGAAATGCGATACGTAGTGTGAATTGCAGAATTCCGTGAACCATCGAATCTTTGAACGCAAATTGCGCTCGAGGCTTCGGCCAAGAGCATGTCTGCCTCAGCGTCGGCTACTACCCTCAACTAAGTTTCCTATCATTGATAGTGGATGCCAGTTGGATCTGGCCGTCCGGTTTGCCTTTCAGGTTGCCGGTCAGCTGAAATACATTCACGCTCTGGGGGCTGCTTTCCTCGAAAGGCTACTTTCGAGGGGAGGTGAGTTCCGATTTGGTAGGTGACCTTTGCCGGTTGCATGCCTTCGTTGCCCGCTAAGCTTCCCAGTAGTCGTTGTGCAGGACGCCTTTTGGCTTTCGACCTGAGGTCAGGCAAGAACACCCGCTGAACTTAAGCATATCAA"
"ASV_948","Viridiplantae","Chlorophyta","Trebouxiophyceae","Trebouxiales","Trebouxiaceae","Trebouxia","Trebouxia decolorans","TCTTGGCTCCCGTAACGATGAAGAACGCAGCGAAATGCGATATGTAGTGTGAATTGCAGAATTCCGTGAACCATCGAATCTTTGAACGCAAATTGCGCTCGAGGCTTCGGCCAAGAGCATGTCTGCCTCAGCGTCGGCTACTACCCTCAACTAAGTTTCCTATCATTGATAGGGGATGCCAGTTGGATCTGGCCGTCCGGTTTGCCTTTCAGGTTGCCGGTCAGCTGAAATACATTCACGCTCTGGGGGCTGCTTTCCTCGAAAGGCTACTTTCGAGGGGAGGTGAGTTCCGATTTGGTAGGTGACCTTTGCCGGTTGCATGCCTTCGTTGCCCGCTAAGCTTCCCAGTAGTCGTTGTGCAGGACGCCTTTTGGCTTTCGACCTGAGGTCAGGCAAGAACACCCGCTGAACTTAAGCATATCAA"
"ASV_2687","Viridiplantae","Chlorophyta","Trebouxiophyceae","Trebouxiales","Trebouxiaceae","Trebouxia","Trebouxia impressa","TCTTGGCTCCCGTAACGATGAAGAACGCAGCGAAATGCGATACGTAGTGTGAATTGCAGAATTCCGTGAACCATCGAATCTTTGAACGCAAATTGCGCTTGAGGCTTCGGCCAAGAGCATGTCTGGCTCAGCGTCGGCTTACTACCCTCAATCAATTTCCTTATGGAGCTTGGTTGGAGCTGGCTTTCCGGTTTTCCGACTAGGTTGCCGGTCAGCTGAAAATCATTCGCGCTGTGGGAGCTGCTTTCCCTTCAAAAGGAAAGCCGAGTTCCGATTTGGTAGGTGACCTTTGCCGGTTGCATGCCTTCGTTGCTCGCAATGGCTTCCATGAAAGCGTGTGCAGGACGCCTTTTGGCTTTCGACCTGAGCTCAGGCAAGAACACCCGCTGAACTTAAGCATATCAA"
"ASV_12263","Viridiplantae","Chlorophyta","Trebouxiophyceae","Trebouxiales","Trebouxiaceae","Trebouxia","Trebouxia incrustata","TCTTGGCTCCCGTAACGATGAAGAACGCAGCGAAATGCGATACGTAGTGTGAATTGCAGAATTCCGTGAACCATCGAATCTTTGAACGCAAATTGCGCTCGAGGCCTCGGCCAAGAGCATGTCTGCCTCAGCGTCGGCTACTACCCTCAACCTACTTTCCTATTTTGATGGGGATGTTTCTTGTCCTTAAAGGGGAAGTTTCCTATTTTATAGGAGATTTTTCTCGTTTTGACAGGAAATATTTCCTGTTCTTTATGGGGGAGGCCGGTTGGATCTGGCCGTCCGGATTGCCTTTCAGGCTGCCGGTTGGCTGAAATACATTCACGCTCTGGGGGTTGCTTTCCTTTCAAGGAGAGACGAGTTCCGATTTGGTAGGTGACCTTTGCCGGTTGCATGCCTTCGTTGCTCGTTAGGCTTCCCAGTATGCGTTGTGCAGGACGCCTTTTGGCTTTCGACCTGAGGTCAGGCAAGAACACCCGCTGAACTTAAGCATATCAA"
"ASV_212","Viridiplantae","Chlorophyta","Trebouxiophyceae","Trebouxiales","Trebouxiaceae","Trebouxia","Trebouxia jamesii","TCTTGGCTCCCGTAACGATGAAGAACGCAGCGAAATGCGATACGTAGTGTGAATTGCAGAATTCCGTGAACCATCGAATCTTTGAACGCAAATTGCGCTCGAGGCCTCGGCCAAGAGCATGTCTGCCTCAGCGTCGGCTACTACCCTCAACCAACTTTCCTATTGCAGGATAGGGGATGCCGGTTGGATATGGCCGTCCGGTTTGCCCTTCGGGTTGCCGGTCAGCTGAAATACATTCACGCTGTGGGAGCTGCTTTCCTTTCGAGGGAAGGCGAGTTTCGATTTGGTAGGTGACCTTTGCCGGTTACATGCCTTCGTTGCCCGCTAAGCTTCCCATTATGCATTGTGCAGGACGCCTTTTGGCTTTCGACCTGAGGTCAGGCAAGAACACCCGCTGAACTTAAGCATATCAA"
"ASV_380","Viridiplantae","Chlorophyta","Trebouxiophyceae","Trebouxiales","Trebouxiaceae","Trebouxia","Trebouxia jamesii","TCTTGGCTCCCGTAACGATGAAGAACGCAGCGAAATGCGATACGTAGTGTGAATTGCAGAATTCCGTGAACCATCGAATCTTTGAACGCAAATTGCGCTCGAGGCCTCGGCCAAGAGCATGTCTGCCTCAGCGTCGGCTACTACCCTCAACTAAATTTCTTCGGTTGATTCCGATGAAAGGCAGTTGGATCTGGCCGTCCGGTTTGCCCTTTGGGTTGCTGGTCAGCTGAAATACATTCACGCTTTGAGAGCTGCTTTCCTTTCGAGGAAAGGCGAGTTCCGATTTGGTAGGTGACCTTTGCCGGTTGCATGCCTTCGTTGCCCGCTATGTTCTCAATTGCGTTGTGCAGGACGCCTTTTGGCTTTCGACCTGAGGTCAGGCAAGAACACCCGCTGAACTTAAGCATATCAA"
"ASV_421","Viridiplantae","Chlorophyta","Trebouxiophyceae","Trebouxiales","Trebouxiaceae","Trebouxia","Trebouxia jamesii","TCTTGGCTCCCGTAACGATGAAGAACGCAGCGAAATGCGATACGTAGTGTGAATTGCAGAATTCCGTGAACCATCGAATCTTTGAACGCAAATTGCGCTCGAGGCCTCGGCCAAGAGCATGTCTGCCTCAGCGTCGGCTACTACCCTCAACCAACTTTCCTATTGCAGGATAGGGGATGCCGGTTGGATATGGCCGTCCGGTTTGCCCTTCGGGTTGCCGGTCAGCTGAAATACATTCACGCTGTGGGAGCTGCTTTCCTTTCGAGGGAAGGCGAGTTTCGATTTGGTAGGTGACCTTTGCCGGTTACATGCCTTCGTTGCCCGCTAAGCTTCCCATTATGCGTTGTGCAGGACGCCTTTTGGCTTTCGACCTGAGGTCAGGCAAGAACACCCGCTGAACTTAAGCATATCAA"
"ASV_503","Viridiplantae","Chlorophyta","Trebouxiophyceae","Trebouxiales","Trebouxiaceae","Trebouxia","Trebouxia jamesii","TCTTGGCTCCCGTAACGATGAAGAACGCAGCGAAATGCGATACGTAGTGTGAATTGCAGAATTCCGTGAACCATCGAATCTTTGAACGCAAATTGCGCTCGAGGCCTCGGCCAAGAGCATGTCTGCCTCAGCGTCGGCTACTATCCTCAACTAAATTTCATTGGTGCATTCCGGTGAAAGGCAGTTGGATCTGGCCGTCCGGTTCGCCTTTTGGGTTGCCGGTCAGCTGAAATACATTCACGCTTTGAGAGCTGCTTTCCTTAGGGAAAGGCGAGTTCCGATTTGGTAGGTGACCTTTGCCGGTTGCATGCCTTCGTTGCTCGCTATGCTCACAGTTGCGTTGTGCAGGACGCCCTTTGGCTTTCGACCTGAGGTCAGGCAAGAACACCCGCTGAACTTAAGCATATCAA"
"ASV_53","Viridiplantae","Chlorophyta","Trebouxiophyceae","Trebouxiales","Trebouxiaceae","Trebouxia","Trebouxia jamesii","TCTTGGCTCCCGTAACGATGAAGAACGCAGCGAAATGCGATACGTAGTGTGAATTGCAGAATTCCGTGAACCATCGAATCTTTGAACGCAAATTGCGCTCGAGGCCTCGGCCAAGAGCATGTCTGCCTCAGCGTCGGCTACTACCCTCAACCAACTTTCCTATTGCAGGATAGGGAATGCCGGTTGGATATGGCCGTCCGGTCTGCCCTTCGGGTTGCCGGTCAGCTGAAATACATTCACGCTGTGGGAGCTGCTTTCCTTTCGAGGGAAGGCGAGTTTCGATTTGGTAGGTGACCTTTGCCGGTTACATGCCTTCGTTGCCCGCTAAGCTTCCCATTATGCGTTGTGCAGGACGCCTTTTGGCTTTCGACCTGAGGTCAGGCAAGAACACCCGCTGAACTTAAGCATATCAA"
"ASV_586","Viridiplantae","Chlorophyta","Trebouxiophyceae","Trebouxiales","Trebouxiaceae","Trebouxia","Trebouxia jamesii","TCTTGGCTCCCGTAACGATGAAGAACGCAGCGAAATGCGATACGTAGTGTGAATTGCAGAATTCCGTGAACCATCGAATCTTTGAACGCAAATTGCGCTCGAGGCCTCGGCCAAGAGCATGTCTGCCTCAGCGTCGGCTACTACCCTCAACCAACTTTCCTATCGCAGGATAGGGAATGCCGGTTGGATATGGCCGTCCGGTCTGCCCTTCGGGTTGCCGGTCAGCTGAAATACATTCACGCTGTGGGAGCTGCTTTCCTTTCGAGGGAAGGCGAGTTTCGATTTGGTAGGTGACCTTTGCCGGTTACATGCCTTCGTTGCCCGCTAAGCTTCCCATTATGCGTTGTGCAGGACGCCTTTTGGCTTTCGACCTGAGGTCAGGCAAGAACACCCGCTGAACTTAAGCATATCAA"
"ASV_142","Viridiplantae","Chlorophyta","Trebouxiophyceae","Trebouxiales","Trebouxiaceae","Trebouxia","Trebouxia simplex","TCTTGGCTCCCGTAACGATGAAGAACGCAGCGAAATGCGATACGTAGTGTGAATTGCAGAATTCCGTGAACCATCGAATCTTTGAACGCAAATTGCGCTCGAGGCTTCGGCCAAGAGCATGTCTGCCTCAGCGTCGGCTACTACCCTCAACTAAATTTCATTGGAGAATTCCGGTGAAAGGCCGTTGGATCTGGCCGTCCGGTTTGCCCTTTGGGTGGCCGGTCAGCTGAAATATATTCACGCTTTGGGAGCCTCTTTCCTTTCGAGGAAAGGCGAGTTCCGATTTGGTAGGTGACCTTTGCCGGTTGCATGCCTTCGTTGCCCGCTGTGCTCCCGAATGCGTTGTGCAGGACGCCTTTTGGCTTTCGACCTGAGGTCAGGCAAGAACACCCGCTGAACTTAAGCATATCAA"
"ASV_160","Viridiplantae","Chlorophyta","Trebouxiophyceae","Trebouxiales","Trebouxiaceae","Trebouxia","Trebouxia simplex","TCTTGGCTCCCGTAACGATGAAGAACGCAGCGAAATGCGATACGTAGTGTGAATTGCAGAATTCCGTGAACCATCGAATCTTTGAACGCAAATTGCGCTCGAGGCTTCGGCCAAGAGCATGTCTGCCTCAGCGTCGGCTACTACCCTCAACTAAATTTCATTGGTGAATTCCGATGAAAGGCAGTTGGATCTGGCCGTCCGGTTTGCCCTTTGGGTGGCCGGTCAGCTGAAATATATTCACGCTTTGGGGGCCGCTTTCCTTTCGAGGAAAGGCGAGTTCCGATTTGGTAGGTGACCTTTGCCGGTTGCATGCCTTCGTTGCCCGCTGTGCTCCCAAATGCGTTGTGCAGGACGCCTTTTGGCTTTCGACCTGAGGTCAGGCAAGAACACCCGCTGAACTTAAGCATATCAA"
"ASV_18","Viridiplantae","Chlorophyta","Trebouxiophyceae","Trebouxiales","Trebouxiaceae","Trebouxia","Trebouxia simplex","TCTTGGCTCCCGTAACGATGAAGAACGCAGCGAAATGCGATACGTAGTGTGAATTGCAGAATTCCGTGAACCATCGAATCTTTGAACGCAAATTGCGCTCGAGGCTTCGGCCAAGAGCATGTCTGCCTCAGCGTCGGCTACTACCCTCAACTAAATTTCATTGGTGAATTCCGGTGAAAGGCAGTTGGATCTGGCCGTCCGGTTTGCCCTTTGGGTGGCCGGTCAGCTGAAATACATTCACGCTTTGGGAGCCTCTTTCCTTTCGAGGAAAGGCGAGTTCCGATTTGGTAGGTGACCTTTGCCGGTTGCATGCCTTCGTTGCCCGCTGTGCTCCCGAATGCGTTGTGCAGGACGCCTTTTGGCTTTCGACCTGAGGTCAGGCAAGAACACCCGCTGAACTTAAGCATATCAA"
"ASV_21","Viridiplantae","Chlorophyta","Trebouxiophyceae","Trebouxiales","Trebouxiaceae","Trebouxia","Trebouxia simplex","TCTTGGCTCCCGTAACGATGAAGAACGCAGCGAAATGCGATACGTAGTGTGAATTGCAGAATTCCGTGAACCATCGAATCTTTGAACGCAAATTGCGCTCGAGGCTTCGGCCAAGAGCATGTCTGCCTCAGCGTCGGCTACTACCCTCAACTAAATTTCATTGGTGAATTCCGGTGAAAGGCAGTTGGATCTGGCCGTCCGGTTTGCCCTTTGGGTGGCCGGTCAGCTGAAATATATTCACGCTTTGGGGGCCGCTTTCCTTTCGAGGAAAGGCGAGTTCCGATTTGGTAGGTGACCTTTGCCGGTTGCATGCCTTCGTTGCCCGCTGTGCTCCCAAATGCGTTGTGCAGGACGCCTTTTGGCTTTCGACCTGAGGTCAGGCAAGAACACCCGCTGAACTTAAGCATATCAA"
"ASV_33","Viridiplantae","Chlorophyta","Trebouxiophyceae","Trebouxiales","Trebouxiaceae","Trebouxia","Trebouxia simplex","TCTTGGCTCCCGTAACGATGAAGAACGCAGCGAAATGCGATACGTAGTGTGAATTGCAGAATTCCGTGAACCATCGAATCTTTGAACGCAAATTGCGCTCGAGGCTTCGGCCAAGAGCATGTCTGCCTCAGCGTCGGCTACTACCCTCAACTAAATTTCATTGGTGAATTCCGGTGAAAGGCAGTTGGATCTGGCCGTCCGGTTTGCCCTTTGGGTGGCCGGTCAGCTGAAATACATTCACGCTTTGGAAGCCTCTTTCCTTTCGAGGAAAGGCGAGTTCCGATTTGGTAGGTGACCTTTGCCGGTTGCATGCCTTCGTTGCCCGCTGTGCTCCCGAATGCGTTGTGCAGGACGCCTTTTGGCTTTCGACCTGAGGTCAGGCAAGAACACCCGCTGAACTTAAGCATATCAA"
"ASV_437","Viridiplantae","Chlorophyta","Trebouxiophyceae","Trebouxiales","Trebouxiaceae","Trebouxia","Trebouxia simplex","TCTTGGCTCCCGTAACGATGAAGAACGCAGCGAAATGCGATACGTAGTGTGAATTGCAGAATTCCGTGAACCATCGAATCTTTGAACGCAAGTTGCGCTCGAGGCTTCGGCCAAGAGCATGTCTGCCTCAGCGTCGGCTACTACCCTCAACTAAATTTCATTGGTGAATTCCGATGAAAGGCAGTTGGATCTGGCCGTCCGGTTTGCCCTTTGGGTGGCCGGTCAGCTGAAATATATTCACGCTTTGGGGGCCGCTTTCCTTTCGAGGAAAGGCGAGTTCCGATTTGGTAGGTGACCTTTGCCGGTTGCATGCCTTCGTTGCCCGCTGTGCTCCCAAATGCGTTGTGCAGGACGCCTTTTGGCTTTCGACCTGAGGTCAGGCAAGAACACCCGCTGAACTTAAGCATATCAA"
"ASV_533","Viridiplantae","Chlorophyta","Trebouxiophyceae","Trebouxiales","Trebouxiaceae","Trebouxia","Trebouxia simplex","TCTTGGCTCCCGTAACGATGAAGAACGCAGCGAAATGCGATACGTAGTGTGAATTGCAGAATTCCGTGAACCATCGAATCTTTGAACGCAAATTGCGCTCGAGGCTTCGGCCAAGAGCATGTCTGCCTCAGCGTCGGCTACTACCCTCAACTAAATTTCATTGGTGAATTCCGGTGAAAGGCTGTTGGATCTGGCCGTCCGGTTTGCCCTTTGGGTGGCCGGTCAGCTGAAATACATTCACGCTTTGGGAGCCTCTTTCCTTTCGAGGAAAGGCGAGTTCCGATTTGGTAGGTGACCTTTGCCGGTTGCATGCCTTCGTTGCCCGCTGTGCTCCCGAATGCGTTGTGCAGGACGCCTTTTGGCTTTCGACCTGAGGTCAGGCAAGAACACCCGCTGAACTTAAGCATATCAA"
"ASV_57","Viridiplantae","Chlorophyta","Trebouxiophyceae","Trebouxiales","Trebouxiaceae","Trebouxia","Trebouxia simplex","TCTTGGCTCCCGTAACGATGAAGAACGCAGCGAAATGCGATACGTAGTGTGAATTGCAGAATTCCGTGAACCATCGAATCTTTGAACGCAAATTGCGCTCGAGGCTTCGGCCAAGAGCATGTCTGCCTCAGCGTCGGCTACTACCCTCAACTAAATTTCATTGGTGAATTCCGGTGAAAGGCAGTTGGATCTGGCCGTCCGGTTGGCCCTTTGGGTGGCCGGTCAGCTGAAATACATTCACGCTTTGGGAGCCTCTTTCCTTTCGAGGAAAGGCGAGTTCCGATTTGGTAGGTGACCTTTGCCGGTTGCATGCCTTCGTTGCCCGCTGTGCTCCCGAATGCGTTGTGCAGGACGCCTTTTGGCTTTCGACCTGAGGTCAGGCAAGAACACCCGCTGAACTTAAGCATATCAA"
"ASV_315","Viridiplantae","Chlorophyta","Trebouxiophyceae","Trebouxiales","Trebouxiaceae","Trebouxia","Trebouxia sp. C13","TCTTGGCTCCCGTAACGATGAAGAACGCAGCGAAATGCGATACGTAGTGTGAATTGCAGAATTCCGTGAACCATCGAATCTTTGAACGCAAATTGCGCTCGAGGCTTCGGCCAAGAGCATGTCTGCCTCAGCGTCGGCTTACTACCCTCAACCAATTTCCTTCTGGGTGATTGATTGGAGCTGGCCGTCCGGTGTGCCGATCAGGCTGCCGGTCAGCTGAAAAACATTCGCGCTGTGGAAGCTGCTTTCCCTTCAAAAGGAGAGCCGGGTTCCGATTTGGTAGGTGGCCTTTGCCGGTTGCATGCCTTCGTTGCCCGTCTAGCTTTCATGAAAGCGCGTGCAGGACGCCTTTTGGCTTTCGACCTGAGGTCAGGCAAGAACACCCGCTGAACTTAAGCATATCAA"
"ASV_996","Viridiplantae","Chlorophyta","Trebouxiophyceae","Trebouxiales","Trebouxiaceae","Trebouxia","Trebouxia sp. C13","TCTTGGCTCCCGTAACGATGAAGAACGCAGCGAAATGCGATACGTAGTGTGAATTGCAGAATTCCGTGAACCATCGAATCTTTGAACGCAAATTGCGCTCGAGGCTTCGGCCAAGAGCATGTCTGCCTCAGCGTCGGCTTACTACCCTCAACCAATTTCCTTCTGGGTGATTGATTGGAGCTGGCCGTCCGGTGCGCCGATCAGGCTGCCGGTCAGCTGAAAAACATTCGCGCTGTGGAAGCTGCTTTCCCTTCAAAAGGAGAGCCGGGTTCCGATTTGGTAGGTGGCCTTTGCCGGTTGCATGCCTTCGTTGCCCGTCTAGCTTTCATGAAAGCGCGTGCAGGACGCCTTTTGGCTTTCGACCTGAGGTCAGGCAAGAACACCCGCTGAACTTAAGCATATCAA"
"ASV_1724","Viridiplantae","Chlorophyta","Trebouxiophyceae","Trebouxiales","Trebouxiaceae","Trebouxia","Trebouxia sp. clade II LM-2014","TCTTGGCTCCCGTAACGATGAAGAACGCAGCGAAATGCGATACGTAGTGTGAATTGCAGAATTCCGTGAACCATCGAATCTTTGAACGCAAATTGCGCTCGAGGCTTCGGCCAAGAGCATGTCTGCCTCAGCGTCGGCTTACTACCCTCAACCAATTCCCTTACTGGGTAATTGATTGGAGCTGGCTGTCCGGTTGTGCCGAAAGGCTGCCGGTCAGCTGAAAAACATTCGCACTGTGAGAGCTGCTTTCCCCTCAAAAGGAAAGCCGAGTTCCGATTTGGTAGGTGACCTTTGCCGGTTGCATGCCTTCGTTGCTCGTCCAGCTTTCATGAAAGCGCGTGCAGGACGCCTTTTGGCTTTCGACCTGAGGTCAGGCAAGAACACCCGCTGAACTTAAGCATATCAA"
"ASV_514","Viridiplantae","Chlorophyta","Trebouxiophyceae","Trebouxiales","Trebouxiaceae","Trebouxia","Trebouxia sp. Hap02","TCTTGGCTCCCGTAACGATGAAGAACGCAGCGAAATGCGATACGTAATGTGAATTGCAGAATTCCGTGAACCATCGAATCTTTGAACGCAAATTGCGCTCGAGGCCTCGGCCAAGAGCATGTCTGGCTCAGCGTCGGCTTACTACCCTCAACCAATTCCAGTATGGCAATTGATTGGAGCTGGCTTTCCGGTGTTCCGATTAGGTTGCCGGTCAGCTGAAAAATATTCGCGCTGTGGGAGCTGCTTTCCCTTCAAAAAGGAAAGCCGAGTTCCGATTTGGTAGGTGACCTTTGCCGGTTGCATGCCTTCGTTGCTCGCAATGGCTTCCATGAAAGCGTGTGCAGGACGCCTTTTTGGCTTTCGACCTGAGCTCAGGCAAGAACACCCGCTGAACTTAAGCATATCAA"
"ASV_299","Viridiplantae","Chlorophyta","Trebouxiophyceae","Trebouxiales","Trebouxiaceae","Trebouxia","Trebouxia sp. L-23632","TCTTGGCTCCCGTAACGATGAAGAACGCAGCGAAATGCGATACGTAGTGTGAATTGCAGAATTCCGTGAACCATCGAATCTTTGAACGCAAATTGCGCTCGAGGCCTCGGCCAAGAGCATGTCTGCCTCAGCGTCGGCTACTACCCTCAACCAAATTTCATTGGTGAACTCCGATGAAAGGCAGTTGGATCTGGCCGTCCGGTTTGCCTTTTGGGTTGCCGGTCAGCTGAAATACATTCACGCTTTGAGAGCTGCTTTCCTTTCCGGAAAGGCGAGTTCCGATTTGGTAGGTGACCTTTGCCGGTTGCATGCCTTCGTTGCCCGCTATGCTCTCAATTGCGTTGTGCAGGACGCCTTTTGGCTTTCGACCTGAGGTCAGGCAAGAACACCCGCTGAACTTAAGCATATCAA"
"ASV_223","Viridiplantae","Chlorophyta","Trebouxiophyceae","Trebouxiales","Trebouxiaceae","Trebouxia","Trebouxia sp. OTU A11","TCTTGGCTCCCGTAACGATGAAGAACGCAGCGAAATGCGATACGTAGTGTGAATTGCAGAATTCCGTGAACCATCGAATCTTTGAACGCAAATTGCGCTCGAGGCTTCGGCCAAGAGCATGTCTGCCTCAGCGTCGGCTTACTACCCTCAACCAATTCCTTTATGGGTAATTGATTGGAGCTGGCTTTCCGGTGTTCCGACTAGGTTGCCGGTTAGCTGAAAAACATTCACGCTGTGGAAGCTGCTTTCCCCTAAAAAGGAAAGCCGAGTTCCGATTTGGTAGGTGACCTTTGCCGGTTGCATGCCTTCGTTGCTCGCAAAAGCTTTCATGAAAGCGTGTGCAGGACGCCTTTTGGCTTTCGACCTGAGGTCAGGCAAGAACACCCGCTGAACTTAAGCATATCAA"
"ASV_1153","Viridiplantae","Chlorophyta","Trebouxiophyceae","Trebouxiales","Trebouxiaceae","Trebouxia","Trebouxia sp. OTU A18","TCTTGGCTCCCGTAACGATGAAGAACGCAGCGAAATGCGATACGTAGTGTGAATTGCAGAATTCCGTGAACCATCGAATCTTTGAACGCAAATTGCGCTCAAGGCCTCGGCCAAGAGCATGTCTGCCTCAGCGTCGGCTACTACCCTCAACCAAGTTCCCTATTATCATAGGGGATGCCGGTTGGACTTGGCTGTCCAGTTTACCTTTCAGGTGGCCGGTCAGCTGAAAAACATTCACGCTTTGGGAGCTGCTTTCCTTTCACAGGAAAGACGAGTTCCGATTTGGTAGGTGACCTTTGCCGGTTGCATGCCTTCGTTGCCCGTTAAGCTCACCAGAAGCGATGTGCAGGACGCCATTTGGCTTTCGACCTGAGGTCAGGCAAGAACACCCGCTGAACTTAAGCATATCAA"
"ASV_61","Viridiplantae","Chlorophyta","Trebouxiophyceae","Trebouxiales","Trebouxiaceae","Trebouxia","Trebouxia sp. OTU A18","TCTTGGCTCCCGTAACGATGAAGAACGCAGCGAAATGCGATACGTAGTGTGAATTGCAGAATTCCGTGAACCATCGAATCTTTGAACGCAAATTGCGCTCAAGGCCTCGGCCAAGAGCATGTCTGCCTCAGCGTCGGCTACTACCCTCAACCAAGTTCCCTAGTATCATAGGGGATGCCGGTTGGACTTGGCTGTCCAGTTTGCCTTTCAGGTGGCCGGTCAGCTGAAAAACATTCACGCTTTGGGAGCTGCTTTCCTTTCACAGGAAAGACGAGTTCCGATTTGGTAGGTGACCTTTGCCGGTTGCATGCCTTCGTTGCCCGTTAAGCTCACCAGAAGCGATGTGCAGGACGCCATTTGGCTTTCGACCTGAGGTCAGGCAAGAACACCCGCTGAACTTAAGCATATCAA"
"ASV_742","Viridiplantae","Chlorophyta","Trebouxiophyceae","Trebouxiales","Trebouxiaceae","Trebouxia","Trebouxia sp. OTU A18","TCTTGGCTCCCGTAACGATGAAGAACGCAGCGAAATGCGATACGTAGTGTGAATTGCAGAATTCCGTGAACCATCGAATCTTTGAACGCAAATTGCGCTCGAGGCCTCGGCCAAGAGCATGTCTGCCTCAGCGTCGGCTACTACCCTCAACCAAGTTCCCTATAATCATAGGGAATGCCGGTTGGATTTGGCTGTCCAGTTTGCCTTTCAGGTGACCGGTCAGCTGAAAAATATTCACGCTTTGGGGGCTGCTTTCCTTTCACGAAAGGGAAGGCGAGTTCCGATTTGGTAGGTGACCTTTGCCGGTTGCATGCCTTCGTTGCCCGTTTAGCCTGCCAACAGCGATGTGCAGGACGCCTTTTGGCTTTCGACCTGAGGTCAGGCAAGAACACCCGCTGAACTTAAGCATATCAA"
"ASV_69","Viridiplantae","Chlorophyta","Trebouxiophyceae","Trebouxiales","Trebouxiaceae","Trebouxia","Trebouxia sp. OTU A19","TCTTGGCTCCCGTAACGATGAAGAACGCAGCGAAGTGCGATAAGTAGTGTGAATTGCAGATTTCCGTGAACCATCGAGTTTTTGAACGCAAATTGCGCTCGAGGCCTCCGGGTCGAGAGCATGTCTGCCTCAGCGTCGCTCATACCCAATCGACTCCTCCCCTTTGGCTAACCAAAGGGAGAGTCGGACCTGGCCGTCCGGTTGAACATGCCGGTCGGCTGAAAGGCATGCCCCCGCTCGCAGCCTCCCTTCGATGGGAAGGAGCCAGCCGGTAAGCCAGACCCGTTTCTGAAAGGAAATGGGCTCGCCTGCCGCTGGGCCCCGGCTGAGAGCAAGAAGGGGCGACAGGAACACCTTTGAATATCGACCTGAGATCAGGCAAGGACACCCGCTGAACTTAAGCATATCAA"
"ASV_783","Viridiplantae","Chlorophyta","Trebouxiophyceae","Trebouxiales","Trebouxiaceae","Trebouxia","Trebouxia sp. OTU A19","TCTTGGCTCCCGTAACGATGAAGAACGCAGCGAAGTGCGATAAGTAGTGTGAATTGCAGATTTCCGTGAACCATCGAGTTTTTGAACGCAAATTGCGCTCGAGGCCTCCGGGTCGAGAGCATGTCTGCCTCAGCGTCGCTCATACCCAATCGACTCCTCCCCTTTGGCTAACCAAAGGGAGAGTCGGACCTGGCCGTCCGGTTGAACATGCCGGTCGGCTGAAAGGCATGCCCCCGCTCGCAGCCTCCCTTCGATGGGAAGGAGCCAGCCGGTAAGCCAGACCCGTTACTGAAAGGAAATGGGCTCGCCTGCCGCTGGGCCCCGGCTGAGAGCAAGAAGGGGCGACAGGAACACCTTTGAATATCGACCTGAGATCAGGCAAGGACACCCGCTGAACTTAAGCATATCAA"
"ASV_227","Viridiplantae","Chlorophyta","Trebouxiophyceae","Trebouxiales","Trebouxiaceae","Trebouxia","Trebouxia sp. OTU S02","TCTTGGCTCCCGTAACGATGAAGAACGCAGCGAAATGCGATACGTAGTGTGAATTGCAGAATTCCGTGAACCATCGAATCTTTGAACGCAAATTGCGCTCGAGGCCTCGGCCTAGAGCATGTCTGCCTCAGCGTCGGCTACTACCCTCAACTAAATTTCATTGGTGAACTCCGATGAAAGGCAGTTGGATCTGGCCGTCCGGTTTGCCTTTTGGGTTGCCGGTCAGCTGAAATACATTCACGCTTTAAGAGCTGCTTTCCCTTCGGGAAAGGCGAGTTCCGATTTGGTAGGTGACCTTTGCCGGTTGCATGCCTTCGTTGCCCGCTATGCTCTCAACTGCGCTGTGCAGGACGCCTTTTGGCTTTCGACCTGAGGTCAGGCAAGAACACCCGCTGAACTTAAGCATATCAA"
"ASV_59","Viridiplantae","Chlorophyta","Trebouxiophyceae","Trebouxiales","Trebouxiaceae","Trebouxia","Trebouxia sp. OTU S05","TCTTGGCTCCCGTAACGATGAAGAACGCAGCGAAATGCGATACGTAGTGTGAATTGCAGAATTCCGTGAACCATCGAATCTTTGAACGCAAATTGCGCTCGAGGCCTCGGCCAAGAGCATGTCTGCCTCAGCGTCGGCTACTACCCTCAACTAAATTTCATAGGTGAATTCCAATGAAAGGCAGTTGGATCTGGCCGTCCGGTTTGCCTTTTGGGTTGCCGGTCAGCTGAAATTCATTCACGCTTTGGGAGCTGCTTTCCTTCGGGAAAGGCGAGTTCCGATTTGGTAGGTGACCTTTGCCGGTTGCATGCCTTCGTTGCCCGCTATGCTCTCAGTTGCGTTGTGCAGGACGCCTTTTGGCTTTCGACCTGAGGTCAGGCAAGAACACCCGCTGAACTTAAGCATATCAA"
"ASV_532","Viridiplantae","Chlorophyta","Trebouxiophyceae","Trebouxiales","Trebouxiaceae","Trebouxia","Trebouxia sp. phot1688","TCTTGGCTCCCGTAACGATGAAGAACGCAGCGAAATGCGATACGTAGTGTGAATTGCAGAATTCCGTGAACCATCGAATCTTTGAACGCAAATTGCGCTTGAGGCTTCGGCCAAGAGCATGTCTGGCTCAGCGTCGGCTTACTACCCTCAATCAATTCCCTTGTGGAAGTTGGTTGGAGCTGGCTTTCCGGTTTTCCGACTAGGTTGCCGGTCAGCTGAAAAACATTCGCGCTGTGGAAGCTGCTTTCCCTTCAAAAAGGAAAGCCGAGTTCCGATTTGGTAGGTGACCTTTGCCGGTTGCATGCCTTCGTTGCTCGCAATGGCTTCCATGAAAGCGTGTGCAGGACGCCTTTTGGCTTTCGACCTGAGCTCAGGCAAGAACACCCGCTGAACTTAAGCATATCAA"
"ASV_282","Viridiplantae","Chlorophyta","Trebouxiophyceae","Trebouxiales","Trebouxiaceae","Trebouxia","Trebouxia sp. S4MWC-25","TCTTGGCTCCCGTAACGATGAAGAACGCAGCGAAATGCGATACGTAGTGTGAATTGCAGAATTCCGTGAACCATCGAATCTTTGAACGCAAATTGCGCTTGAGGCTTCGGCTAAGAGCATGTCTGGCTCAGCGTCGGCTTACTACCCTCAACCAATTCCCTTATGGAAATTGATTGGAGCTGGCTTTCCGGTTTTCCTATTAGGTTGCCGGTCAGCTGAAAAATATTCGCGCTGTGGGAGCTGCTTTCCCTTCAAAAAGGAAAGCCGAGTTCCGATTTGGTAGGTGACCTTTGCCGGTTGCATGCCTTCGTTGCTCGCAATGGCTCCCATGAAAGCGTGTGCAGGACGCCTTTTGGCTTTCGACCTGAGCTCAGGCAAGAACACCCGCTGAACTTAAGCATATCAA"
"ASV_581","Viridiplantae","Chlorophyta","Trebouxiophyceae","Trebouxiales","Trebouxiaceae","Trebouxia","Trebouxia suecica","TCTTGGCTCCCGTAACGATGAAGAACGCAGCGAAATGCGATACGTAGTGTGAATTGCAGAATTCCGTGAACCATCGAATCTTTGAACGCAAATTGCGCTCGAGGCCTCGGCCAAGAGCATGTCTGCCTCAGCGTCGGCTACTACCCTCAACTAAATTTCAGTGGTGAATTCCGGTGAAAGGCAGTTGGATCTGGCCGTCCGGTTTGCCTTTTGGGTTGCCGGTCAGCTGAAATACATTCACGCTTTGAGAGCTGCTTTCCTTAGGGAAAGGCGAGTTCCGATTTGGTAGGTGACCTTTGCCGGTTGCATGCCTTCGTTGCCCGCTATGCTCTCAGTTGCGTTGTGCAGGACGCCCTTTGGCTTTCGACCTGAGGTCAGGCAAGAACACCCGCTGAACTTAAGCATATCAA"
"ASV_123","Viridiplantae","Chlorophyta","Trebouxiophyceae",NA,NA,"Coccomyxa","Coccomyxa sp. gbA3","TCTTGGCTCCCGTATCGATGAAGAACGCAGCGAAATGCGATACGTAGTGTGAATTGCAGATAATGTGAATCATCGAATCTTTGAACGCAAATTGCGCTCGAGGCTTCGGCCGAGAGCATGCCTGCCTCAGTGTCGGTTTCACCCTCGCCCACCCTTTCTATTCTTTCACGAGAACACAGAGAGGGGAGCGGATCTGGCCGTCCCGGTCTCACGACCGGGTCTGCTGAAGCGCAGAGGCTTGAGCGGGATCCCTATAGATGTGGGAACAACAGACCGGTAGGTGAGCCCTTCTCTCCGGAGAAGGATCGCATGCCGCTGCTGGACCCCGGGACCCGCTGGACGCCCAGCAGGAGACGGTGTGACCGGTCCTCGCGGACCGGAAGCACCGTATCACTCAACCATTCGACCTGAGTTCAGGCAAGGGCACCCGCTGAACTTAAGCATATCAA"
"ASV_164","Viridiplantae","Chlorophyta","Trebouxiophyceae",NA,NA,"Coccomyxa","Coccomyxa sp. gbA3","TCTTGGCTCCCGTATCGATGAAGAACGCAGCGAAATGCGATACGTAGTGTGAATTGCAGATAATGTGAATCATCGAATCTTTGAACGCAAATTGCGCTCGAGGCTTCGGCCGAGAGCATGCCTGCCTCAGTGTCGGTTTCACCCTCGCCCACCCTTTCTATTCTTTCACGAGAACACAGAGAGGGGAGCGGATCTGGCCGTCCCGGTCTCACGACCGGGTCTGCTGAAGCGCAGAGGCTTGAGCGGGATCCCTATAGATGTGGGAACAACAGACCGGTAGGTGAGCCCTTCTCTCCGGAGAAGGATCGCATGCCGCTGCTGGACCCCGGGACCCGCTGGACGCCCAGCAGGAGACGGTGTGACCGGTCCTCGCGGACCGGAAGCTCCGCATCACTCAACCATTCGACCTGAGTTCAGGCAAGGGCACCCGCTGAACTTAAGCATATCAA"
"ASV_165","Viridiplantae","Chlorophyta","Trebouxiophyceae",NA,NA,"Coccomyxa","Coccomyxa sp. gbA3","TCTTGGCTCCCGTATCGATGAAGAACGCAGCGAAATGCGATACGTAGTGTGAATTGCAGATAATGTGAATCATCGAATCTTTGAACGCAAATTGCGCTCGAGGCTTCGGCCGAGAGCATGCCTGCCTCAGTGTCGGTTTCACCCTCGCCCACCCTTTCTATTCTTTCACGAGAACACAGAGAGGGGAGCGGATCTGGCCGTCCCGGTCTCACGACCGGGTCTGCTGAAGCGCAGAGGCTTGAGCGGGATCCCTATAGATGTGGGAACAACAGACCGGTAGGTGAGCCCTTCTCTCCGGAGAAGGATCGCATGCCGCTGCTGGACCCCGGGACCCGCTGGACGCCCAGCAGGAGACGGTGTGACCGGTCCTCGCGGACCGGAAGCACCGCATCACTCAACCATTCGACCTGAGTTCAGGCAAGGGCACCCGCTGAACTTAAGCATATCAA"
"ASV_192","Viridiplantae","Chlorophyta","Trebouxiophyceae",NA,NA,"Coccomyxa","Coccomyxa sp. gbA3","TCTTGGCTCCCGTATCGATGAAGAACGCAGCGAAATGCGATACGTAGTGTGAATTGCAGATAATGTGAATCATCGAATCTTTGAACGCAAATTGCGCTCGAGGCTTCGGCCGAGAGCATGCCTGCCTCAGTGTCGGTTTCACCCTCGCCCACCCTTTCTATTCTTTCACGAGAACACAGAGAGGGGAGCGGATCTGGCCGTCCCGGTCTCACGACCGGGTCTGCTGAAGCGCAGAGGCTTGAGCGGGATCCCTATAGATGTGGGAACAACAGACCGGTAGGTGAGCCCTTCTCTCCGGAGAAGGATCGCATGCCGCTGCTGGACCCCGGGACCCGCTGGAGGCCCAGCAGGAGACGGTGTGACCGGTCCTCGCGGACCGGAAGCACCGTATCACTCAACCATTCGACCTGAGTTCAGGCAAGGGCACCCGCTGAACTTAAGCATATCAA"
"ASV_2080","Viridiplantae","Chlorophyta","Trebouxiophyceae",NA,NA,"Coccomyxa","Coccomyxa sp. gbA3","TCTTGGCTCCCGTATCGATGAAGAACGCAGCGAAATGCGATACGTAGTGTGAATTGCAGATAATGTGAATCATCGAATCTTTGAACGCAAATTGCGCTCGAGGCTTCGGCCGAGAGCATGCCTGCCTCAGTGTCGGTTTCACCCTCGCCCACCCTTTCTATTCTTTCACGAGAACACAGAGAGGGGAGCGGATCTGGCCGTCCCGGTCTCACGACCGGGTCTGCTGAAGCGCAGAGGCTTGAGCGGGATCCCTATAGATGTGGGAACAACAGACCGGTAGGTGAGCCCTTCTCTCCGGAGAAGGATCGCATGCCGCTGCTGGACCCCGGGACCCGCTGGACGCCCAGCAGGAGACGGTGTGACAGGTCCTCGCGGACCGGAAGCACCGTATCACTCAACCATTCGACCTGAGTTCAGGCAAGGGCACCCGCTGAACTTAAGCATATCAA"
"ASV_3731","Viridiplantae","Chlorophyta","Trebouxiophyceae",NA,NA,"Coccomyxa","Coccomyxa sp. gbA3","TCTTGGCTCCCGTATCGATGAAGAACGCAGCGAAATGCGATACGTAGTGTGAATTGCAGATAATGTGAATCATCGAATCTTTGAACGCAAATTGCGCTCGAGGCTTCGGCCGAGAGCATGCCTGCCTCAGTGTCGGTTTCACCCTCGCCCACCCTTTCTATTCTCTCACGAGAACACAGAGAGGGGAGCGGATCTGGCCGTCCCGGTCTCACGACCGGGTCTGCTGAAGCGCAGAGGCTTGAGCGGGATCCCTATAGATGTGGGAACAACAGACCGGTAGGTGAGCCCTTCTCTCCGGAGAAGGATCGCATGCCGCTGCTGGACCCCGGGACCCGCTGGACGCCCAGCAGGAGACGGTGTGACCGGTCCTCGCGGACCGGAAGCACCGTATCACTCAACCATTCGACCTGAGTTCAGGCAAGGGCACCCGCTGAACTTAAGCATATCAA"
"ASV_410","Viridiplantae","Chlorophyta","Trebouxiophyceae",NA,NA,"Coccomyxa","Coccomyxa sp. gbA3","TCTTGGCTCCCGTATCGATGAAGAACGCAGCGAAATGCGATACGTAGTGTGAATTGCAGATAATGTGAATCATCGAATCTTTGAACGCAAATTGCGCTCGAGGCTTCGGCCGAGAGCATGCCTGCCTCAGTGTCGGTTTCACCCTCGCCCACCCTTTCTATTCTTTCACGAGAACACAGAGAGGGGAGCGGATCTGGCCGTCCCGGTCTCACGACCGGGTCTGCTGAAGCGCAGAGGCTTGAGCGGGATCCCTATAGATGTGGGAACAACAGACCGGTAGGTGAGCCCTTCTCTCCGGAGAAGGATCGCATGCCGCTGCTGGACCCCGGGACCCGCTGGACGCCCAGCAGGAGACGGTGTGACCGGTCCTCTCGGACCGGAAGCACCGCATCACTCAACCATTCGACCTGAGTTCAGGCAAGGGCACCCGCTGAACTTAAGCATATCAA"
"ASV_1106","Viridiplantae","Chlorophyta","Trebouxiophyceae",NA,NA,"Coccomyxa","Coccomyxa sp. KN-2011-C10","TCTTGGCTCCCGTATCGATGAAGAACGCAGCGAAATGCGATACGTAGTGTGAATTGCAGATAATGTGAATCATCGAATCTTTGAACGCAAATTGCGCTCGAGGCCTCGGCCGAGAGCATGCCTGCCTCAGTGTCGGTTTCACCCTCGCCACCCCTTTCTCTGTCTCCGGACAGACGAAAGGGACGCGGATCTGGCCGTCCCGGTCTTTCTGATCGGGTCTGCTGAAGCGCAGAGGCTTGAGCGGGATTCCCTTCCAATGTGGGAACAACAGACCGGTAGGTGAGCCCTTCTCCTCGAGAAGGATCGCATGCCGCTGCTGGACCCCGGGACCCGCTGGACGCCCAGCAGGAGACGGCGTGACGGTCGTTCCCACGAGGAACCATCGAAACCCCGATCACTCAACCATTCGACCTGAGTTCAGGCAAGGGCACCCGCTGAACTTAAGCATATCAA"
"ASV_973","Viridiplantae","Chlorophyta","Trebouxiophyceae",NA,NA,"Coccomyxa","Coccomyxa sp. KN-2011-C10","TCTTGGCTCCCGTATCGATGAAGAACGCAGCGAAATGCGATACGTAGTGTGAATTGCAGATAATGTGAATCATCGAATCTTTGAACGCAAATTGCGCTCGAGGCCTCGGCCGAGAGCATGCCTGCCTCAGTGTCGGTTTCACCCTCGCCACCCCTTTCTCTGTCTCCGGACAGACGAAAGGGGCGCGGATCTGGCCGTCCCGGTCTTTCTGATCGGGTCTGCTGAAGCGCAGAGGCTTGAGCGGGATTCCCTTCTAATGTGGGAACAACAGACCGGTAGGTGAGCCCTTCTCCTCGAGAAGGATCGCATGCCGCTGCTGGACCCCGGGACCCGCTGGACGCCCAGCAGGAGACGGTGTGACGGTGGTTCCCACGAGGAACCATCGAAACCCCGATCACTCAACCATTCGACCTGAGTTCAGGCAAGGGCACCCGCTGAACTTAAGCATATCAA"
"ASV_6993","Viridiplantae","Chlorophyta","Trebouxiophyceae",NA,NA,"Coccomyxa","Coccomyxa sp. KN-2011-C8","TCTTGGCTCCCGTATCGATGAAGAACGCAGCGAAATGCGATACGTAGTGTGAATTGCAGATAATGTGAATCATCGAATCTTTGAACGCAAATTGCGCTCGAGGCCTCGGCCGAGAGCATGCCTGCCTCAGTGTCGGTTTCACCCTCGCCCTCCCTTTCTCTGTCTCCGGACATGAGAAAGGGGAGCGGATCTGGCCGTCCCGGTCGTATTGACCGGGTCTGCTGAAGCGCAGAGGCTTGAGCGGGATTCCCTTCTAATGTGGGAACAACAGACCGGTAGGTGAGCCCTTCTCCTCGAGAAGGATCGCATGCCGCTGCTGGACCCCGGGACCCGCTGGACGCCCAGCAGGAGACGGCGTGACGGTGGTTCCCAATAAGGAACCATCGAAACCCCGATCACTCAACCATTCGACCTGAGTTCAGGCAAGGGCACCCGCTGAACTTAAGCATATCAA"
"ASV_1091","Viridiplantae","Chlorophyta","Trebouxiophyceae",NA,NA,"Coccomyxa","Coccomyxa viridis","TCTTGGCTCCCGTATCGATGAAGAACGCAGCGAAATGCGATACGTAGTGTGAATTGCAGATAATGTGAATCATCGAATCTTTGAACGCAAATTGCGCTCGAGGCCTCGGCCGAGAGCATGCCTGCCTCAGTGTCGGTTCCACCCTCGCCTCACATTCCATCTGGTTGCGTGAGAGCGGACCTGGCCGTCTCGATCCTGGCGATCGGGTCGGCTGAAGCGCAGAGGCTTGAGCGGGAGTCCCTCCAATGTGGGAACAACAGACCGGTAGGTGAGCCGTCCTCTCTCCTGAGAGACGATCGCATGCCGCTGCTGGGCCCCGGGACCCCGCTGGACGCCGAGCAGGAGACGGTGCGGCTCGCGACGGGGGAGACCCCGTCGCGGCGACCGAATCATCCATTCGACCTGAGTTCAGGCAAGGGCACCCGCTGAACTTAAGCATATCAA"
"ASV_1218","Viridiplantae","Chlorophyta","Trebouxiophyceae",NA,NA,"Coccomyxa","Coccomyxa viridis","TCTTGGCTCCCGTATCGATGAAGAACGCAGCGAAATGCGATACGTAGTGTGAATTGCAGATAATGTGAATCATCGAATCTTTGAACGCAAATTGCGCTCGAGGCCTCGGCCGAGAGCATGCCTGCCTCAGTGTCGGTTCCACCCTCGCCTCACCTCCCATCTGGTTGCGTGAGAGCGGACCTGGCCGTCCCGATCCTGGCGATCGGGTCGGCTGAAGCGCAGAGGCTTGAGCGGGAGTCCCTCCAATGTGGGAACAACAGACCGGTAGGTGAGCCGTCCTCTCTCCGGAGAGACGATCGCATGCCGCTGCTGGGCCCCGGGACCCCGCTGGACGCCGAGCAGGAGACGGTGCGGCTCGCGACGGGGGAGACCCCGTCGCGGCGACCGAATCATCCATTCGACCTGAGTTCAGGCAAGGGCACCCGCTGAACTTAAGCATATCAA"
"ASV_1362","Viridiplantae","Chlorophyta","Trebouxiophyceae",NA,NA,"Coccomyxa","Coccomyxa viridis","TCTTGGCTCCCGTATCGATGAAGAACGCAGCGAAATGCGATACGTAGTGTGAATTGCAGATAATGTGAATCATCGAATCTTTGAACGCAAATTGCGCTCGAGGCCTCGGCCGAGAGCATGCCTGCCTCAGTGTCGGTTCCACCCTCGCCTCACCTCCCATCTGGTTGCGTGAGAGCGGACCTGGCCGTCCCGATCCTGGCGATCGGGTCGGCTGAAGCGCAGAGGCATGAGCGGGAGTCCCTCCAATGTGGGAACAACAGACCGGTAGGTGAGCCGTCCTCTCTCCGGAGAGACGATCGCATGCCGCTGCTGGGCCCCGGGACCCCGCTGGACGCCGAGCAGGAGACGGTGCGGCTCGCGACGGGGGAGACCCCGTCGCGGCGACCGAATCATCCATTCGACCTGAGTTCAGGCAAGGGCACCCGCTGAACTTAAGCATATCAA"
"ASV_1431","Viridiplantae","Chlorophyta","Trebouxiophyceae",NA,NA,"Coccomyxa","Coccomyxa viridis","TCTTGGCTCCCGTATCGATGAAGAACGCAGCGAAATGCGATACGTAGTGTGAATTGCAGATAATGTGAATCATCGAATCTTTGAACGCAAATTGCGCTCGAGGCCTCGGCCGAGAGCATGCCTGCCTCAGTGTCGGTTCCACCCTCGCCTCACCTCCCATCCGGTTGCGTGAGAGCGGACCTGGCCGTCCCGATCCCTGCGATCGGGTCGGCTGAAGCGCAGAGGCATGAGCGGGAGTCCCTCTAACGTGGGAACAACAGACCGGTAGGTGAGCCGTCCTCTCTCCGGAGAGACGATCGCATGCCGCTGCTGGGCCCCGGGACCCCGCTGGACGCCGAGCAGGAGACGGTGCGGCTCGCGACGGGGGAGACCCCGTCGCGGCGACCGAATCATCCATTCGACCTGAGTTCAGGCAAGGGCACCCGCTGAACTTAAGCATATCAA"
"ASV_195","Viridiplantae","Chlorophyta","Trebouxiophyceae",NA,NA,"Coccomyxa","Coccomyxa viridis","TCTTGGCTCCCGTATCGATGAAGAACGCAGCGAAATGCGATACGTAGTGTGAATTGCAGATAATGTGAATCATCGAATCTTTGAACGCAAATTGCGCTCGAGGCCTCGGCCGAGAGCATGCCTGCCTCAGTGTCGGTTCCACCCTCGCCTCACCTCCCATCCGGTTGCGTGAGAGCGGACCTGGCCGTCCCGATCCTGGCGATCGGGTCGGCTGAAGCGCAGAGGCTTGAGCGGGAGTCCCTCCAATGTGGGAACAACAGACCGGTAGGTGAGCCGTCCTCTCTCCGGAGAGACGATCGCATGCCGCTGCTGGGCCCCGGGACCCCGCTGGACGCCGAGCAGGAGACGGTGCGGCTCGCGACGGGGGAGACCCCGTCGCGGGGACCGAATCATCCATTCGACCTGAGTTCAGGCAAGGGCACCCGCTGAACTTAAGCATATCAA"
"ASV_27","Viridiplantae","Chlorophyta","Trebouxiophyceae",NA,NA,"Coccomyxa","Coccomyxa viridis","TCTTGGCTCCCGTATCGATGAAGAACGCAGCGAAATGCGATACGTAGTGTGAATTGCAGATAATGTGAATCATCGAATCTTTGAACGCAAATTGCGCTCGAGGCCTCGGCCGAGAGCATGCCTGCCTCAGTGTCGGTTCCACCCTCGCCTCACCTCCCATCCGGTTGCGTGAGAGCGGACCTGGCCGTCCCGATCCTGGCGATCGGGTCGGCTGAAGCGCAGAGGCTTGAGCGGGAGTCCCTCCAATGTGGGAACAACAGACCGGTAGGTGAGCCGTCCTCTCTCCGGAGAGACGATCGCATGCCGCTGCTGGGCCCCGGGACCCCGCTGGACGCCGAGCAGGAGACGGTGCGGCTCGCGACGGGGGAGACCCCGTCGCGGCGACCGAATCATCCATTCGACCTGAGTTCAGGCAAGGGCACCCGCTGAACTTAAGCATATCAA"
"ASV_2910","Viridiplantae","Chlorophyta","Trebouxiophyceae",NA,NA,"Coccomyxa","Coccomyxa viridis","TCTTGGCTCCCGTATCGATGAAGAACGCAGCGAAATGCGATACGTAGTGTGAATTGCAGATAATGTGAATCATCGAATCTTTGAACGCAAATTGCGCTCGAGGCCTCGGCCGAGAGCATGCCTGCCTCAGTGTCGGTTCCACCCTCGCCTCACCTCCCATCTGGTTGCGTGAGAGCGGACCTGGCCGTCCCGATCCTGGCGATCGGGTCGGCTGAAGCGCAGAGGCTTGAGCGGGAGTCCCTCTAACGTGGGAACAACAGACCGGTAGGTGAGCCGTCCTCTCTCCGGAGAGACGATCGCATGCCGCTGCTGGGCCCCGGGGCCCCGCTGGACGCCGAGCAGGAGACGGTGCGGCTCGCGACGGGGGAGACCCCGTCGCGGCGGCCGAATCATCCATTCGACCTGAGTTCAGGCAAGGGCACCCGCTGAACTTAAGCATATCAA"
"ASV_554","Viridiplantae","Chlorophyta","Trebouxiophyceae",NA,NA,"Coccomyxa","Coccomyxa viridis","TCTTGGCTCCCGTATCGATGAAGAACGCAGCGAAATGCGATACGTAGTGTGAATTGCAGATAATGTGAATCATCGAATCTTTGAACGCAAATTGCGCTCGAGGCCTCGGCCGAGAGCATGCCTGCCTCAGTGTCGGTTCCACCCTCGCCTCACCTCCCATCCGGTTGCGTGAGAGCGGACCTGGCCGTCCCGATCCTGGCGATCGGGTCGGCTGAAGCGCAGAGGCTTGAGCGGGAGTCCCTCCAATGTGGGAACAACAGACCGGTAGGTGAGCCGTCCTCTCTCCGGAGAGACGATCGCATGCCGCTGCTGGGCCCCGGGACCCCGCTGGACGCTGAGCAGGAGACGGTGCGGCTCGCGACGAGGGAGACCCCGTCGCGGCGACCGAATCATCCATTCGACCTGAGTTCAGGTAAGGGCACCCGCTGAACTTAAGCATATCAA"
"ASV_629","Viridiplantae","Chlorophyta","Trebouxiophyceae",NA,NA,"Coccomyxa","Coccomyxa viridis","TCTTGGCTCCCGTATCGATGAAGAACGCAGCGAAATGCGATACGTAGTGTGAATTGCAGATAATGTGAATCATCGAATCTTTGAACGCAAATTGCGCTCGAGGCCTCGGCCGAGAGCATGCCTGCCTCAGTGTCGGTTCCACCCTCGCCTCACCTCCCATCCGCTTGCGTGAGAGCGGACCTGGCCGTCCCGATCCTGGCGATCGGGTCGGCTGAAGCGCAGAGGCTTGAGCGGGAGTCCCTCCAATGTGGGAACAACAGACCGGTAGGTGAGCCGTCCTCTCTCCGGAGAGACGATCGCATGCCGCTGCTGGGCCCCGGGACCCCGCTGGACGCCGAGCAGGAGACGGTGCGGCTCGCGACGGGGGAGACCCCGTCGCGGCGACCGAATCATCCATTCGACCTGAGTTCAGGCAAGGGCACCCGCTGAACTTAAGCATATCAA"
"ASV_656","Viridiplantae","Chlorophyta","Trebouxiophyceae",NA,NA,"Coccomyxa","Coccomyxa viridis","TCTTGGCTCCCGTATCGATGAAGAACGCAGCGAAATGCGATACGTAGTGTGAATTGCAGATAATGTGAATCATCGAATCTTTGAACGCAAATTGCGCTCGAGGCCTCGGCCGAGAGCATGCCTGCCTCAGTGTCGGTTCCACCCTCGCCTCACCTCCCATCTGGTTGCGTGAGAGCGGACCTGGCCGTCCCGATCCTGGCGATCGGGTCGGCCGAAGCGCAGAGGCTTGAGCGGGAGTCCCTCCAATGTGGGAACAACAGACCGGTAGGTGAGCCGTCCTCTCTCCGGAGAGACGATCGCATGCCGCTGCTGGGCCCCGGGACCCCGCTGGACGCCGAGCAGGAGACGGTGCGGCTCGCGACGGGGGAGACCCCGTCGCGGCGACCGAATCATCCATTCGACCTGAGTTCAGGCAAGGGCACCCGCTGAACTTAAGCATATCAA"
"ASV_96","Viridiplantae","Chlorophyta","Trebouxiophyceae",NA,NA,"Coccomyxa","Coccomyxa viridis","TCTTGGCTCCCGTATCGATGAAGAACGCAGCGAAATGCGATACGTAGTGTGAATTGCAGATAATGTGAATCATCGAATCTTTGAACGCAAATTGCGCTCGAGGCCTCGGCCGAGAGCATGCCTGCCTCAGTGTCGGTTTCACCCTCGCCCTCCCTTTCTTTTTTCCTCGGACGAAATGAAAGGGGTGCGGATCTGGCCGTCCCGGTCTCCTTGACCGGGTCTGCTGAAGCGCAGAGGCTTTAGCGGGATTCCCTTCTAATGTGGGAACAACAGACCGGTAGGTGAGCCCTTCTCCTCGAGAGAAGGATCGCATGCCGCTGCTGGACCCCGGGACCCGCTGGACGCCCAGCAGGAGACGGTGGTAATGATGGGTCTCACGACCCATTAACAACACCGATCACTCAACCATTCGACCTGAGTTCAGGCAAGGGCACCCGCTGAACTTAAGCATATCAA"
"ASV_7134","Viridiplantae","Chlorophyta","Trebouxiophyceae",NA,NA,"Elliptochloris","Elliptochloris bilobata","TCTTGGCTCCCGTAACGATGAAGAACGCAGCGAAATGCGATACGTAGTGTGAATTGCAGATAACGTGAACCATCGAATCTTTGAACGCAAATTGCGCCCCAGGCCTCGGCCAAAGGCATGCCTGCCTCAGCGTCGGCTTCACCCCTCCTTTTCTCCCGTTGTGGGCAGAAAAGGGACCTGGCCGTCTCGGCGCCCCGCGCCGGGTCGGTCGAAGCACAGAGGCTCGCACAGGACCCGCTCAAACGGGCAACAGTCTGGTAGGTGGCTCTTTTTGAGCTGCATGCCGCTGGTGCCCCGTGGGCACTGTCGAGCCCGCAGGAACTGCTTTCCTTTTTCAAACAAAAAAGGAAGCAGCCTCTCTCATCATTCGACCTGAGATCAGGCAAGAGCACCCGCTGAACTTAAGCATATCAA"
"ASV_98","Viridiplantae","Chlorophyta","Trebouxiophyceae",NA,NA,"Pseudostichococcus","Pseudostichococcus monallantoides","TCTTGGCTCCCGCATCGATGAAGAACGCAGCGAAATGCGATACGTAGTGTGAATTGCAGAATTCCGTGAATCATCGAATCTTTGAACGCATATTGCGCCCACGGCCTCGGCTAAGGGCATGCCTGTCTCAGCGTCCGCTCACCCCCTCGCCCACCCTTTCCTTGTTGAAAGCGGTTTGGACGGATGTGGCCGTCTCGCTCTCCTTTTGAAGAGCGGGTCGGCTGAAGCGCAGGGCTCGCGGCGGGACCCCATTCGATCGGGGCGCCAGCATGGTAGGTGGCTCACGCTCACATACTAGCTGTCGTCTCCCATATCACCGGGCGCTCCGCCTGCTGCCACAGCAGGAAACCAATCAAACCTTGGACCTGAGATCAGACAAGACCACCCGCTGAACTTAAGCATATCAA"
"ASV_11758","Viridiplantae","Streptophyta","Klebsormidiophyceae","Klebsormidiales","Klebsormidiaceae","Interfilum","Interfilum paradoxum","TCTTGGCTCTCGCAACGATGAGGAACGCAGCGAAATGCGATACGTAGTGTGAATTGCAGAATTCCGTGAATCATCGAATCTTTGAACGCATATTGCGCCCGCGGCCTCGGCCAAGGGCATGCCTGCCTGAGCGTCATTATAACACCTCACAACCCCTAATAGGGTGCGTGGATCTGGCCGTCCGGGCTCTCGAGTCTGGTCGGCTGAAAGGCAGATGCAAAGCCAGCAGCCCATTCAACGGCAAGGCGTGGTAGACCGCATCGCGGGGCGATCGTCTTGCCGGGGCTGATTGCGGCTTTCGCATTAGCAGGAACCGCCGCTTCCCAAGCAAACTTCGGTTTGTGAAGGAGCGGCCTTGACCCATTGACCTCAGATCAGACAAGATTACCCGCCGAATTTAAGCATATTAC"
"ASV_12425","Viridiplantae","Streptophyta","Klebsormidiophyceae","Klebsormidiales","Klebsormidiaceae","Interfilum","Interfilum paradoxum","TCTTGGCTCCCGCATCGATGAAGAACGCAGCGAAATGCGATACGTAGTGTGAATTGCAGAATTCCGTGAATCATCGAATCTTTGAACGCATATTGCGCCCGCGGCCTCGGCCAAGGGCATGCCTGCCTGAGCGTCATTATAACACCTCACAACCCCTAATAGGGTGCGTGGATCTGGCCGTCCGGGCTCTCGAGTCTGGTCGGCTGAAAGGCAGATGCAAAGCCAGCAGCCCATTCAACGGCAAGGCGTGGTAGACCGCATCGCGGGGCGATCGTCTTGCCGGGGCTGATTGCGGCTTTCGCATTAGCAGGAACCGCCGCTTCCCAAGCAAACTTCGGTTTGTGAAGGAGCGGCCTTGACCCATTGACCTCAGATCAGACAAGATTACCCGCCGAATTTAAGCATATTAC"
"ASV_149","Viridiplantae","Streptophyta","Klebsormidiophyceae","Klebsormidiales","Klebsormidiaceae","Interfilum","Interfilum paradoxum","TCTTGGCTCTCGCAACGATGAAGAACGCAGCGAAATGCGATACGTAGTGTGAATTGCAGAATTCCGTGAATCATCGAATCTTTGAACGCATATTGCGCCCGCGGCCTCGGCCAAGGGCATGCCTGCCTGAGCGTCATTATAACACCTCACAACCCCTAATAGGGTGCGTGGATCTGGCCGTCCGGGCTCTCGAGTCTGGTCGGCTGAAAGGCAGATGCAAAGCCAGCAGCCCATTCAACGGCAAGGCGTGGTAGACCGCATCGCGGGGCGATCGTCTTGCCGGGGCTGATTGCGGCTTTCGCATTAGCAGGAACCGCCGCTTCCCAAGCAAACTTCGGTTTGTGAAGGAGCGGCCTTGACCCATTGACCTCAGATCAGACAAGATTACCCGCCGAATTTAAGCATATTAC"
"ASV_791","Viridiplantae","Streptophyta","Klebsormidiophyceae","Klebsormidiales","Klebsormidiaceae","Klebsormidium","Klebsormidium elegans","TCTTGGCTCTCGCAACGATGAAGAACGCAGCGAAATGCGATACGTAGTGTGAATTGCAGAATTCCGTGAATCATCGAATCTTTGAACGCATATTGCGCCCGCGGCCTCGGCCAAGGGCATGCCTGCCTGAGCGTCATTATAACACCTCACCCCCCTTTTGGGGTCGTGGATCTGGCCGTCCGGACTCTTTGAGCCTGGTCGGCTGAAAGGCAGATGCAAAGCCAGCAGCCCATTCAACGGCAAGGCGTGGTAGACCGCATCGCGGGCGATCGTCGAGCCGGGGCTGCCTATCGGCCTTCGCATTAGCAGGAACCGCCGCTCTCGAAGGACTTCGGTCCGGAGGGAGTCGGCCTTGACCCATTGACCTCAGATCAGACAAGATTACCCGCCGAATTTAAGCATATTAC"
"ASV_749","Viridiplantae","Streptophyta","Klebsormidiophyceae","Klebsormidiales","Klebsormidiaceae","Klebsormidium","Klebsormidium flaccidum","TCTTGGCTCTCGCAACGATGAAGAACGCAGCGAAATGCGATACGTAGTGTGAATTGCAGAATTCCGTGAATCATCGAATCTTTGAACGCATATTGCGCCCGCGGCCTCGGCCAAGGGCATGCCTGCCTGAGCGTCATTATAACACCTCACAACCCCTTTTGGGGTCGTGGATCTGGCCGTCCGGGTTCTAAGAGCCTGGTCGGCTGAAAGGCAGATGCAAAGCCAGCAGCCCATTCAACGGCAAGGCGTGGTAGACCGCATCGCGGGCGATCGTCGTGCCGGGGCTGGATAAGGCCTTCGCATTAGCAGGAACCGCCGCTCCCGACGGACTTCGGTTTGAACGGAGCGGCCTTGACCCATTGACCTCAGATCAGACAAGATTACCCGCCGAATTTAAGCATATTAC"
"ASV_228","Viridiplantae","Streptophyta","Klebsormidiophyceae","Klebsormidiales","Klebsormidiaceae","Klebsormidium","Klebsormidium nitens","TCTTGGCTCTCGCAACGATGAAGAACGCAGCGAAATGCGATACGTAGTGTGAATTGCAGAATTCCGTGAATCATCGAATCTTTGAACGCATATTGCGCCCGCGGCCTCGGCCAAGGGCATGCCTGCCTGAGCGTCATTATAACACCTCACAACCCTTTTAGGGTAGTGGATCTGGCCGTCCGGACTCTCGAGCCTGGTCGGCTGAAAGGCAGATGCAAAGCCAGCAGCCCATTCAACGGCAAGGCGTGGTAGACCGCATCGCGGGCGATCGTCGTGCCGGGGCTGCCTTTTGGCCTTCGCATTAGCAGGAACCGCCGCTCCCGACGGACTTCGGTCCGAAAGGAGCCGGCCTTGACCCATTGACCTCAGATCAGACAAGATTACCCGCCGAATTTAAGCATATTAC"
"ASV_947","Viridiplantae","Streptophyta","Klebsormidiophyceae","Klebsormidiales","Klebsormidiaceae","Klebsormidium","Klebsormidium sp. NV-19.1","TCTTGGCTCTCGCAACGATGAAGAACGCAGCGAAATGCGATACGTAGTGTGAATTGCAGAATTCCGTGAATCATCGAATCTTTGAACGCATATTGCGCCCGCGGCCTCGGCCAAGGGCATGCCTGCCTGAGCGTCATTATAACACCTCACAACCCTTTACAGGGTAGTGGATCTGGCCGTCCGGACTCTCGAGCCTGGTCGGCTGAAAGGCAGATGCAAAGCCAGCAGCCCATTCAACGGCAAGGCGTGGTAGACCGCATCGCGGGCGATCGTCGTGCCGGGGCTGCCTTTCGGCCTTCGCATTAGCAGGAACCGCCGCTCCCGACGGACTTCGGTCCGAAAGGAGCCGGCCTTGACCCATTGACCTCAGATCAGACAAGATTACCCGCCGAATTTAAGCATATTAC"
